00:01:02.855986,18.00,94.00,6261,6916
00:02:11.058216,18.00,94.00,6688,6917
00:03:17.212220,18.00,94.00,6279,6916
00:04:22.809304,18.00,94.00,6168,6917
00:05:31.027996,18.00,94.00,6692,6916
00:06:38.054837,18.00,94.00,6454,6916
00:07:44.475341,18.00,94.00,6332,6916
00:08:53.280032,18.00,94.00,6809,6916
00:09:59.422155,18.00,94.00,6277,6916
00:11:07.141425,18.00,94.00,6592,6917
00:12:16.011372,18.00,93.00,6822,6916
00:13:22.468626,18.00,93.00,6339,6917
00:14:31.076399,18.00,93.00,6770,6917
00:15:38.627306,18.00,91.00,6559,6916
00:16:46.464962,18.00,93.00,6616,6916
00:17:55.683173,18.00,91.00,6892,6916
00:19:03.955017,18.00,91.00,6703,6916
00:20:11.567247,18.00,91.00,6571,6916
00:21:18.888997,18.00,91.00,6513,6916
00:22:26.915126,18.00,91.00,6653,6916
00:23:35.711443,18.00,91.00,6807,6916
00:24:43.938515,18.00,91.00,6694,6917
00:25:52.832966,17.00,90.00,6826,6917
00:27:01.273422,19.00,90.00,6736,6917
00:28:09.303937,18.00,91.00,6654,6916
00:29:16.572136,18.00,90.00,6501,6916
00:30:23.778974,18.00,89.00,6490,6917
00:31:30.658195,18.00,89.00,6424,6917
00:32:39.032560,18.00,89.00,6723,6916
00:33:47.255360,18.00,89.00,6693,6916
00:34:56.309749,18.00,89.00,6858,6917
00:36:04.663791,18.00,89.00,6719,6917
00:37:12.178184,18.00,89.00,6551,6917
00:38:21.003357,18.00,89.00,6813,6917
00:39:29.332645,18.00,89.00,6714,6916
00:40:38.218918,18.00,89.00,6825,6917
00:41:46.994746,18.00,89.00,6802,6917
00:42:56.335729,18.00,89.00,6916,6917
00:44:02.776538,18.00,89.00,6336,6917
00:45:11.908573,18.00,89.00,6875,6916
00:46:20.708915,17.00,89.00,6808,6916
00:47:29.066875,18.00,89.00,6719,6916
00:48:37.396289,18.00,89.00,6714,6917
00:49:44.824481,18.00,89.00,6534,6916
00:50:53.608509,18.00,89.00,6805,6916
00:52:02.421474,18.00,89.00,6811,6917
00:53:08.919914,18.00,90.00,6347,6916
00:54:17.102114,18.00,90.00,6685,6916
00:55:24.136922,18.00,90.00,6455,6916
00:56:31.741086,18.00,90.00,6570,6916
00:57:40.021147,17.00,90.00,6704,6916
00:58:48.821554,18.00,90.00,6808,6917
00:59:55.483582,17.00,90.00,6380,6916
01:01:04.824610,18.00,90.00,6916,6917
01:02:13.784681,17.00,90.00,6840,6916
01:03:23.125947,18.00,89.00,6917,6916
01:04:31.594560,18.00,89.00,6741,6916
01:05:39.165960,18.00,89.00,6563,6916
01:06:46.983093,18.00,89.00,6611,6917
01:07:54.853646,18.00,90.00,6623,6916
01:09:03.662258,18.00,90.00,6809,6917
01:10:12.360302,17.00,90.00,6788,6917
01:11:21.209975,17.00,90.00,6818,6916
01:12:28.294071,18.00,91.00,6465,6916
01:13:36.242718,17.00,90.00,6639,6916
01:14:44.727576,18.00,91.00,6745,6916
01:15:53.683422,18.00,90.00,6839,6916
01:17:02.299541,18.00,90.00,6771,6916
01:18:08.273485,18.00,90.00,6243,6917
01:19:15.390413,18.00,90.00,6472,6916
01:20:23.097136,18.00,89.00,6590,6916
01:21:31.491796,17.00,90.00,6727,6916
01:22:38.850260,18.00,89.00,6520,6917
01:23:47.544124,18.00,89.00,6787,6916
01:24:56.795059,17.00,90.00,6898,6917
01:26:05.365979,17.00,89.00,6762,6917
01:27:14.469326,17.00,89.00,6868,6917
01:28:23.269782,18.00,89.00,6809,6916
01:29:32.233949,18.00,89.00,6840,6917
01:30:41.575081,17.00,89.00,6917,6916
01:31:50.428758,18.00,90.00,6818,6917
01:32:58.266636,18.00,90.00,6616,6916
01:34:07.095899,18.00,90.00,6815,6916
01:35:15.851303,18.00,91.00,6799,6916
01:36:23.332670,18.00,91.00,6545,6916
01:37:30.981930,18.00,91.00,6578,6917
01:38:38.692734,17.00,90.00,6590,6917
01:39:47.476647,18.00,91.00,6805,6916
01:40:55.277469,18.00,91.00,6608,6916
01:42:03.057938,18.00,91.00,6604,6917
01:43:11.625034,17.00,90.00,6762,6917
01:44:19.487423,18.00,91.00,6620,6916
01:45:27.263920,18.00,91.00,6603,6916
01:46:35.724527,18.00,91.00,6741,6916
01:47:42.312817,18.00,91.00,6365,6917
01:48:48.913536,18.00,91.00,6369,6916
01:49:57.099370,17.00,90.00,6685,6916
01:51:04.715927,18.00,91.00,6572,6916
01:52:12.598792,18.00,91.00,6625,6916
01:53:18.945566,18.00,91.00,6317,6917
01:54:26.680972,18.00,91.00,6595,6916
01:55:34.785103,18.00,93.00,6669,6916
01:56:41.705495,18.00,93.00,6433,6916
01:57:50.645319,17.00,93.00,6836,6916
01:58:58.937763,17.00,93.00,6707,6916
02:00:07.373559,18.00,94.00,6735,6917
02:01:15.063794,18.00,94.00,6587,6916
02:02:22.078184,17.00,93.00,6451,6916
02:03:30.997336,18.00,94.00,6831,6917
02:04:39.601103,18.00,94.00,6768,6917
02:05:47.356931,18.00,94.00,6600,6916
02:06:54.785106,18.00,94.00,6534,6916
02:08:01.340888,18.00,94.00,6359,6917
02:09:09.731545,17.00,93.00,6726,6916
02:10:18.605736,18.00,94.00,6823,6916
02:11:27.950823,18.00,94.00,6917,6916
02:12:36.825102,18.00,94.00,6823,6917
02:13:45.199158,18.00,94.00,6723,6917
02:14:54.544561,18.00,94.00,6917,6916
02:16:01.599939,17.00,93.00,6460,6916
02:17:10.625752,18.00,94.00,6853,6916
02:18:18.701016,18.00,94.00,6663,6916
02:19:25.031521,17.00,93.00,6315,6917
02:20:33.799255,17.00,92.00,6801,6917
02:21:41.936267,18.00,93.00,6675,6917
02:22:49.286462,18.00,93.00,6518,6917
02:23:57.181605,18.00,93.00,6627,6917
02:25:04.585302,18.00,93.00,6529,6916
02:26:13.234017,18.00,93.00,6778,6916
02:27:22.034531,17.00,90.00,6808,6916
02:28:29.790380,18.00,91.00,6599,6917
02:29:39.131704,18.00,91.00,6916,6916
02:30:47.796990,17.00,92.00,6781,6916
02:31:55.647037,18.00,91.00,6618,6916
02:33:01.801196,18.00,91.00,6280,6916
02:34:09.556921,18.00,91.00,6599,6916
02:35:17.603639,17.00,90.00,6658,6916
02:36:26.944811,19.00,90.00,6916,6917
02:37:36.077097,19.00,90.00,6874,6916
02:38:45.245976,19.00,90.00,6882,6916
02:39:53.735456,19.00,90.00,6746,6916
02:41:01.921477,17.00,90.00,6685,6916
02:42:10.246661,19.00,90.00,6713,6916
02:43:17.986150,17.00,90.00,6596,6916
02:44:25.897566,18.00,91.00,6631,6916
02:45:35.242614,18.00,91.00,6916,6917
02:46:43.215549,17.00,90.00,6643,6917
02:47:51.593987,19.00,90.00,6723,6917
02:48:58.526505,17.00,90.00,6435,6916
02:50:06.036513,17.00,90.00,6550,6916
02:51:14.882125,17.00,90.00,6818,6917
02:52:24.227356,19.00,90.00,6917,6916
02:53:32.335523,19.00,90.00,6670,6916
02:54:41.291808,17.00,90.00,6839,6917
02:55:49.621280,17.00,90.00,6714,6916
02:56:58.380808,17.00,90.00,6800,6916
02:58:07.136146,17.00,90.00,6799,6916
02:59:15.694826,19.00,90.00,6760,6916
03:00:23.528484,19.00,90.00,6614,6916
03:01:31.698149,17.00,90.00,6682,6916
03:02:41.039403,19.00,90.00,6916,6917
03:03:48.668310,19.00,90.00,6574,6916
03:04:56.891178,17.00,90.00,6692,6916
03:06:06.232254,17.00,90.00,6917,6916
03:07:15.196538,17.00,90.00,6841,6916
03:08:24.476114,17.00,90.00,6904,6916
03:09:31.257157,19.00,90.00,6405,6916
03:10:39.893659,19.00,89.00,6776,6916
03:11:48.636643,19.00,90.00,6797,6916
03:12:56.580394,18.00,91.00,6637,6916
03:14:05.171919,18.00,91.00,6766,6917
03:15:14.513054,18.00,91.00,6917,6916
03:16:23.141136,17.00,90.00,6773,6917
03:17:30.741367,19.00,90.00,6568,6916
03:18:39.181029,18.00,91.00,6735,6917
03:19:48.501782,18.00,91.00,6913,6916
03:20:57.170978,18.00,91.00,6782,6916
03:22:04.377807,19.00,90.00,6490,6916
03:23:12.653891,19.00,90.00,6703,6917
03:24:19.442718,19.00,90.00,6406,6916
03:25:27.649093,17.00,90.00,6689,6917
03:26:35.482557,19.00,90.00,6614,6917
03:27:43.049731,17.00,90.00,6562,6916
03:28:51.276760,17.00,90.00,6693,6917
03:30:00.347383,18.00,91.00,6863,6917
03:31:09.606371,18.00,91.00,6899,6916
03:32:18.206279,19.00,90.00,6768,6916
03:33:27.551425,17.00,90.00,6917,6917
03:34:34.590232,19.00,90.00,6457,6916
03:35:40.687366,19.00,90.00,6268,6916
03:36:49.942573,17.00,90.00,6899,6916
03:37:59.287663,19.00,90.00,6917,6916
03:39:07.981656,19.00,90.00,6787,6916
03:40:17.322722,19.00,90.00,6916,6917
03:41:24.677096,17.00,90.00,6519,6916
03:42:32.486187,19.00,90.00,6609,6916
03:43:40.037183,19.00,90.00,6559,6917
03:44:46.535691,17.00,90.00,6348,6917
03:45:54.815888,17.00,90.00,6704,6916
03:47:03.165461,17.00,90.00,6718,6916
03:48:11.404748,18.00,91.00,6696,6917
03:49:20.401698,18.00,91.00,6847,6916
03:50:29.706254,17.00,90.00,6909,6917
03:51:37.523487,17.00,90.00,6612,6916
03:52:46.221740,19.00,90.00,6788,6917
03:53:54.964595,19.00,90.00,6797,6916
03:55:04.305728,19.00,90.00,6917,6916
03:56:13.577244,17.00,90.00,6902,6916
03:57:20.267952,19.00,90.00,6387,6917
03:58:27.921491,17.00,90.00,6579,6917
03:59:36.500743,17.00,90.00,6764,6916
04:00:45.297011,17.00,92.00,6807,6917
04:01:53.417330,17.00,93.00,6671,6917
04:03:01.205811,19.00,93.00,6606,6916
04:04:09.564198,17.00,93.00,6720,6916
04:05:17.082454,17.00,93.00,6552,6916
04:06:25.788495,18.00,94.00,6789,6916
04:07:33.741149,17.00,93.00,6639,6917
04:08:40.587612,18.00,94.00,6417,6916
04:09:49.506888,17.00,93.00,6832,6917
04:10:58.847997,18.00,94.00,6917,6916
04:12:04.522930,18.00,95.00,6184,6916
04:13:12.729218,18.00,95.00,6689,6916
04:14:20.583633,18.00,95.00,6619,6917
04:15:28.642490,18.00,95.00,6660,6916
04:16:36.717899,17.00,95.00,6664,6916
04:17:45.739408,18.00,95.00,6852,6917
04:18:53.487331,18.00,95.00,6597,6917
04:20:01.542328,17.00,95.00,6659,6917
04:21:10.379609,17.00,95.00,6815,6917
04:22:17.996242,17.00,95.00,6572,6916
04:23:27.341347,18.00,95.00,6916,6917
04:24:36.682469,17.00,95.00,6916,6917
04:25:44.196626,18.00,95.00,6550,6917
04:26:52.755404,18.00,95.00,6760,6916
04:28:01.224033,17.00,95.00,6742,6916
04:29:09.570119,18.00,95.00,6717,6916
04:30:17.350744,17.00,95.00,6605,6917
04:31:26.171593,17.00,95.00,6812,6916
04:32:33.157344,18.00,95.00,6445,6917
04:33:41.814284,17.00,95.00,6780,6917
04:34:48.964001,18.00,95.00,6478,6916
04:35:57.535148,18.00,95.00,6762,6916
04:37:06.511665,18.00,95.00,6844,6916
04:38:15.689109,17.00,95.00,6883,6917
04:39:22.936812,17.00,95.00,6498,6916
04:40:31.331753,18.00,95.00,6727,6917
04:41:39.415533,17.00,95.00,6666,6916
04:42:47.196031,18.00,95.00,6603,6917
04:43:56.144073,18.00,95.00,6839,6916
04:45:04.886948,17.00,95.00,6796,6916
04:46:11.577984,17.00,95.00,6387,6917
04:47:20.161455,18.00,95.00,6765,6916
04:48:27.601909,17.00,95.00,6537,6916
04:49:34.874461,17.00,95.00,6502,6917
04:50:43.564381,18.00,95.00,6786,6916
04:51:51.733786,18.00,95.00,6683,6917
04:52:56.868361,18.00,95.00,6075,6917
04:54:04.775575,18.00,95.00,6629,6917
04:55:12.998734,18.00,95.00,6693,6917
04:56:21.926211,16.00,95.00,6834,6916
04:57:30.824672,18.00,95.00,6828,6916
04:58:37.904894,16.00,95.00,6464,6916
04:59:45.771134,16.00,95.00,6621,6917
05:00:55.112662,18.00,95.00,6917,6916
05:02:02.352353,18.00,95.00,6496,6916
05:03:09.047304,18.00,95.00,6387,6916
05:04:15.979827,18.00,95.00,6435,6916
05:05:24.825112,18.00,95.00,6818,6916
05:06:33.478374,18.00,95.00,6778,6917
05:07:42.270425,18.00,95.00,6807,6916
05:08:48.568298,18.00,95.00,6308,6916
05:09:57.647306,18.00,95.00,6864,6917
05:11:06.189720,18.00,95.00,6757,6916
05:12:13.744882,18.00,95.00,6559,6916
05:13:20.669286,18.00,95.00,6434,6916
05:14:27.826796,18.00,95.00,6479,6916
05:15:36.356961,18.00,95.00,6754,6916
05:16:45.649220,18.00,95.00,6907,6917
05:17:54.404638,18.00,95.00,6799,6917
05:19:02.664363,18.00,95.00,6700,6917
05:20:11.108459,18.00,95.00,6737,6916
05:21:20.355146,18.00,95.00,6897,6916
05:22:29.061529,18.00,95.00,6790,6916
05:23:37.280457,18.00,95.00,6692,6917
05:24:43.627262,18.00,95.00,6317,6917
05:25:51.300984,17.00,95.00,6583,6916
05:26:59.384689,18.00,95.00,6665,6916
05:28:08.726105,18.00,95.00,6916,6917
05:29:17.436363,16.00,95.00,6790,6916
05:30:25.855597,18.00,95.00,6732,6916
05:31:33.452126,18.00,95.00,6568,6916
05:32:39.835486,18.00,95.00,6325,6916
05:33:49.004910,18.00,95.00,6881,6917
05:34:57.457174,18.00,95.00,6739,6916
05:36:06.412965,18.00,95.00,6839,6916
05:37:13.861725,18.00,95.00,6538,6916
05:38:22.514974,17.00,95.00,6779,6916
05:39:31.262220,17.00,95.00,6798,6917
05:40:39.603752,18.00,95.00,6717,6916
05:41:48.887346,18.00,95.00,6904,6917
05:42:57.868132,18.00,95.00,6844,6917
05:44:06.238689,18.00,95.00,6722,6917
05:45:13.671025,18.00,95.00,6535,6916
05:46:22.004493,18.00,94.00,6715,6916
05:47:29.899415,18.00,94.00,6627,6916
05:48:38.331583,18.00,94.00,6735,6916
05:49:46.583114,17.00,93.00,6698,6917
05:50:55.272963,18.00,94.00,6786,6916
05:52:02.078595,18.00,94.00,6409,6917
05:53:11.325346,18.00,94.00,6897,6917
05:54:19.777769,18.00,94.00,6738,6917
05:55:27.926659,18.00,94.00,6678,6917
05:56:34.879732,18.00,94.00,6439,6916
05:57:43.188896,18.00,94.00,6710,6916
05:58:51.223253,18.00,94.00,6655,6917
05:59:59.585496,18.00,94.00,6721,6916
06:01:08.926419,16.00,94.00,6917,6916
06:02:16.448827,18.00,94.00,6552,6916
06:03:25.048756,17.00,93.00,6768,6916
06:04:33.484501,18.00,94.00,6735,6916
06:05:42.223706,16.00,94.00,6796,6917
06:06:50.647160,16.00,94.00,6732,6917
06:07:58.681574,17.00,93.00,6655,6917
06:09:07.060187,18.00,94.00,6724,6917
06:10:16.126967,17.00,92.00,6861,6916
06:11:24.521662,18.00,91.00,6727,6917
06:12:30.389287,18.00,93.00,6222,6916
06:13:38.448124,17.00,90.00,6661,6916
06:14:47.199727,18.00,91.00,6799,6916
06:15:55.279159,17.00,90.00,6663,6916
06:17:04.620383,17.00,90.00,6917,6916
06:18:12.585173,18.00,91.00,6641,6916
06:19:21.209450,17.00,90.00,6773,6916
06:20:29.596237,17.00,90.00,6726,6916
06:21:36.881057,18.00,91.00,6505,6917
06:22:45.071017,17.00,90.00,6686,6917
06:23:52.142896,18.00,89.00,6462,6917
06:24:59.382647,18.00,89.00,6496,6917
06:26:07.515168,17.00,89.00,6675,6917
06:27:16.053608,18.00,89.00,6755,6917
06:28:23.944592,17.00,89.00,6627,6917
06:29:31.585965,18.00,89.00,6576,6917
06:30:40.419253,17.00,89.00,6815,6916
06:31:49.608735,18.00,89.00,6886,6916
06:32:58.949761,18.00,89.00,6916,6917
06:34:05.337529,18.00,89.00,6326,6916
06:35:13.220631,18.00,89.00,6624,6917
06:36:21.738364,16.00,91.00,6752,6916
06:37:29.481851,18.00,91.00,6597,6917
06:38:38.085957,18.00,91.00,6769,6917
06:39:46.931368,17.00,90.00,6817,6917
06:40:53.814932,18.00,91.00,6425,6916
06:42:02.398470,18.00,91.00,6765,6916
06:43:08.106097,18.00,91.00,6190,6917
06:44:16.333219,16.00,91.00,6694,6916
06:45:23.982455,18.00,91.00,6578,6917
06:46:33.114944,16.00,91.00,6874,6916
06:47:40.903835,17.00,90.00,6606,6916
06:48:48.982946,18.00,91.00,6664,6916
06:49:58.246350,18.00,91.00,6900,6916
06:51:04.523405,18.00,91.00,6304,6916
06:52:13.332468,18.00,93.00,6811,6916
06:53:21.075667,18.00,94.00,6597,6916
06:54:29.421658,16.00,94.00,6717,6917
06:55:38.418761,16.00,94.00,6848,6916
06:56:46.264830,18.00,94.00,6618,6916
06:57:55.204511,18.00,94.00,6835,6917
06:59:03.640225,18.00,94.00,6736,6916
07:00:11.674950,16.00,94.00,6655,6916
07:01:19.045459,18.00,94.00,6522,6916
07:02:27.309689,18.00,94.00,6701,6917
07:03:35.471132,18.00,94.00,6680,6916
07:04:43.677563,18.00,94.00,6689,6916
07:05:50.913303,16.00,94.00,6495,6917
07:06:59.492667,16.00,94.00,6764,6916
07:08:07.891634,17.00,94.00,6728,6917
07:09:15.913806,17.00,95.00,6653,6916
07:10:23.940140,17.00,95.00,6653,6917
07:11:31.999298,16.00,95.00,6660,6916
07:12:41.184631,16.00,95.00,6885,6916
07:13:49.989327,17.00,95.00,6810,6916
07:14:57.659148,17.00,95.00,6582,6917
07:16:05.701835,17.00,95.00,6657,6916
07:17:12.798326,17.00,95.00,6468,6916
07:18:21.123413,17.00,95.00,6713,6916
07:19:27.970249,17.00,95.00,6418,6917
07:20:34.349902,17.00,95.00,6324,6917
07:21:42.429398,16.00,95.00,6664,6917
07:22:49.763427,17.00,95.00,6515,6917
07:23:58.936636,17.00,95.00,6883,6916
07:25:07.671578,17.00,95.00,6796,6916
07:26:15.636147,17.00,95.00,6641,6916
07:27:23.670921,18.00,95.00,6656,6916
07:28:30.390450,16.00,95.00,6392,6917
07:29:38.465883,16.00,95.00,6663,6917
07:30:47.192531,17.00,95.00,6794,6917
07:31:55.747325,17.00,95.00,6759,6917
07:33:04.023607,17.00,95.00,6703,6917
07:34:10.796300,16.00,95.00,6403,6917
07:35:19.117393,16.00,95.00,6712,6917
07:36:28.008194,17.00,95.00,6826,6916
07:37:36.358246,17.00,95.00,6718,6917
07:38:42.299528,16.00,95.00,6237,6917
07:39:51.005601,16.00,95.00,6789,6917
07:40:59.859619,18.00,95.00,6820,6916
07:42:06.915005,16.00,95.00,6459,6916
07:43:14.105447,18.00,95.00,6487,6916
07:44:20.505546,18.00,95.00,6328,6917
07:45:29.019477,18.00,95.00,6751,6916
07:46:37.914111,18.00,95.00,6826,6916
07:47:47.005509,16.00,95.00,6867,6916
07:48:56.170391,18.00,95.00,6881,6917
07:50:04.856370,18.00,95.00,6786,6916
07:51:12.579469,18.00,95.00,6593,6917
07:52:21.019503,16.00,95.00,6736,6916
07:53:29.299700,16.00,95.00,6703,6917
07:54:36.076590,18.00,95.00,6404,6916
07:55:43.386273,18.00,95.00,6511,6916
07:56:51.744135,16.00,94.00,6720,6916
07:57:59.258340,18.00,94.00,6551,6917
07:59:07.714569,18.00,94.00,6739,6916
08:00:15.970555,18.00,94.00,6699,6917
08:01:22.460714,16.00,94.00,6347,6916
08:02:29.286722,16.00,94.00,6414,6916
08:03:37.681453,16.00,94.00,6726,6917
08:04:45.757122,16.00,94.00,6664,6916
08:05:52.808617,16.00,94.00,6458,6916
08:06:59.810921,16.00,94.00,6449,6916
08:08:09.135903,16.00,94.00,6913,6916
08:09:17.412238,16.00,94.00,6703,6917
08:10:25.635232,17.00,93.00,6693,6916
08:11:34.370228,18.00,94.00,6794,6917
08:12:43.711687,16.00,94.00,6917,6916
08:13:52.737541,18.00,94.00,6853,6917
08:15:02.078913,17.00,92.00,6917,6916
08:16:09.769531,18.00,91.00,6586,6916
08:17:18.291641,18.00,91.00,6752,6916
08:18:27.444613,18.00,91.00,6878,6917
08:19:36.056668,16.00,91.00,6770,6916
08:20:42.243754,16.00,91.00,6286,6916
08:21:50.237314,17.00,90.00,6647,6917
08:22:56.830144,18.00,91.00,6367,6916
08:24:05.040675,16.00,91.00,6690,6916
21:46:49.111258,21.00,53.00,6385,6917
21:47:50.303851,19.00,52.00,5287,6917
21:48:51.070552,17.00,53.00,5203,6917
21:49:52.161224,16.00,54.00,5268,6917
21:50:56.757745,16.00,55.00,5967,6917
21:52:01.313575,15.00,55.00,5961,6916
21:53:06.717313,15.00,56.00,6130,6916
21:54:07.766722,15.00,57.00,5260,6917
21:55:09.967233,16.00,58.00,5490,6916
21:56:13.580868,16.00,60.00,5772,6917
21:57:18.542024,16.00,62.00,6041,6916
21:58:21.500283,16.00,62.00,5641,6917
21:59:27.624867,15.00,62.00,6274,6916
22:00:34.343212,15.00,63.00,6392,6917
22:01:40.733786,15.00,63.00,6328,6916
22:02:44.396774,15.00,63.00,5782,6917
22:03:49.296545,15.00,64.00,6029,6917
22:04:54.626443,15.00,64.00,6115,6916
22:05:55.978846,15.00,65.00,5320,6916
22:07:02.369521,15.00,65.00,6327,6916
22:08:08.980614,15.00,66.00,6598,6917
22:09:15.309808,15.00,66.00,6315,6916
22:10:23.138018,15.00,66.00,6615,6916
22:11:30.102214,15.00,66.00,6442,6917
22:12:34.948821,15.00,66.00,6018,6916
22:13:38.976019,15.00,67.00,5855,6916
22:14:45.493843,15.00,67.00,6353,6916
22:15:50.680266,15.00,67.00,6087,6917
22:16:55.743733,15.00,67.00,6061,6917
22:18:02.880189,15.00,67.00,6477,6916
22:19:08.881829,15.00,68.00,6249,6916
22:20:14.273043,15.00,68.00,6127,6916
22:21:19.959569,15.00,68.00,6187,6916
22:22:27.624055,15.00,68.00,6582,6916
22:23:34.215855,15.00,68.00,6367,6916
22:24:38.943739,15.00,68.00,5994,6917
22:25:42.393522,15.00,68.00,5739,6917
22:26:47.661755,15.00,68.00,6103,6917
22:27:54.552504,15.00,68.00,6427,6916
22:29:00.492904,14.00,68.00,6238,6916
22:30:06.113341,15.00,68.00,6173,6916
22:31:12.828032,15.00,68.00,6392,6916
22:32:19.656951,15.00,68.00,6416,6916
22:33:23.336307,15.00,68.00,5784,6917
22:34:29.256134,15.00,68.00,6233,6917
22:35:35.577400,14.00,69.00,6313,6916
22:36:42.472111,14.00,69.00,6428,6916
22:37:49.952522,15.00,68.00,6545,6916
22:38:55.372521,14.00,69.00,6133,6916
22:40:01.624061,14.00,69.00,6300,6916
22:41:05.614808,14.00,69.00,5847,6917
22:42:10.863397,14.00,69.00,6099,6916
22:43:17.909664,14.00,69.00,6458,6916
22:44:23.969449,14.00,69.00,6261,6916
22:45:30.647098,14.00,69.00,6384,6917
22:46:36.878677,15.00,68.00,6294,6917
22:47:43.839211,15.00,68.00,6441,6916
22:48:49.816656,13.00,69.00,6244,6917
22:49:54.704181,15.00,68.00,6027,6916
22:51:01.312678,15.00,68.00,6371,6916
22:52:05.311688,13.00,69.00,5849,6916
22:53:11.821642,14.00,69.00,6352,6916
22:54:18.773932,15.00,68.00,6439,6916
22:55:25.582807,15.00,68.00,6411,6917
22:56:32.920094,15.00,68.00,6516,6916
22:57:36.968125,14.00,69.00,5858,6916
22:58:42.154735,15.00,68.00,6087,6916
22:59:49.906291,14.00,69.00,6599,6916
23:00:56.010295,14.00,69.00,6270,6916
23:02:01.479828,15.00,68.00,6143,6916
23:03:06.138392,13.00,69.00,5981,6917
23:04:13.881675,15.00,68.00,6596,6917
23:05:20.772804,14.00,69.00,6428,6916
23:06:27.250180,14.00,69.00,6345,6916
23:07:30.364641,15.00,68.00,5672,6916
23:08:35.985898,15.00,68.00,6174,6916
23:09:40.242995,13.00,69.00,5900,6917
23:10:45.290916,15.00,68.00,6059,6917
23:11:52.120747,15.00,68.00,6415,6917
23:12:57.426486,13.00,69.00,6110,6917
23:14:03.322152,15.00,68.00,6228,6916
23:15:10.741430,15.00,68.00,6533,6916
23:16:17.349978,15.00,68.00,6370,6916
23:17:22.610797,15.00,68.00,6101,6917
23:18:28.457279,13.00,69.00,6219,6916
23:19:34.205280,13.00,69.00,6199,6917
23:20:41.809227,13.00,69.00,6569,6917
23:21:48.708191,13.00,69.00,6429,6917
23:22:56.877476,15.00,69.00,6683,6916
23:24:05.226503,15.00,69.00,6719,6917
23:25:10.544780,13.00,69.00,6113,6916
23:26:16.526407,13.00,69.00,6245,6917
23:27:23.458277,15.00,69.00,6435,6916
23:28:27.940719,15.00,69.00,5946,6917
23:29:33.955091,14.00,69.00,6251,6917
23:30:39.309875,14.00,69.00,6120,6916
23:31:45.070380,14.00,69.00,6201,6916
23:32:49.548660,13.00,69.00,5945,6917
23:33:53.977689,13.00,69.00,5935,6916
23:34:58.128286,15.00,68.00,5880,6916
23:36:05.510720,13.00,69.00,6525,6916
23:37:09.653011,13.00,69.00,5877,6917
23:38:15.814962,13.00,69.00,6281,6917
23:39:22.472867,15.00,69.00,6380,6917
23:40:29.609735,13.00,69.00,6476,6916
23:41:36.206043,15.00,69.00,6369,6916
23:42:42.999287,15.00,69.00,6408,6916
23:43:48.346046,13.00,69.00,6119,6916
23:44:54.639422,15.00,69.00,6307,6916
23:46:00.993984,15.00,69.00,6320,6916
23:47:05.795845,15.00,69.00,6009,6916
23:48:11.212556,15.00,69.00,6133,6916
23:49:17.915557,13.00,69.00,6390,6916
23:50:22.926387,15.00,69.00,6051,6916
23:51:28.445488,13.00,70.00,6153,6917
23:52:33.808778,13.00,70.00,6121,6917
23:53:39.856391,13.00,70.00,6259,6916
23:54:46.662030,13.00,70.00,6410,6916
23:55:54.442311,13.00,70.00,6605,6916
23:57:01.501801,13.00,70.00,6461,6917
23:58:08.065370,15.00,69.00,6361,6917
23:59:13.498538,13.00,70.00,6136,6916
00:00:20.652121,15.00,69.00,6480,6916
00:01:27.244106,13.00,70.00,6367,6916
00:02:32.546321,13.00,70.00,6110,6916
00:03:40.670691,13.00,70.00,6674,6917
00:04:47.156658,14.00,70.00,6346,6917
00:05:54.041095,13.00,70.00,6426,6916
00:07:01.040264,13.00,70.00,6448,6917
00:08:08.100785,13.00,70.00,6460,6916
00:09:15.501185,14.00,70.00,6529,6917
00:10:21.279171,13.00,70.00,6205,6917
00:11:27.590004,13.00,70.00,6310,6917
00:12:33.540137,13.00,70.00,6239,6917
00:13:39.535424,13.00,70.00,6248,6916
00:14:45.374580,13.00,70.00,6217,6916
00:15:49.510103,13.00,70.00,5876,6916
00:16:57.733714,13.00,70.00,6693,6916
00:18:05.202957,13.00,70.00,6542,6917
00:19:11.759300,13.00,70.00,6361,6916
00:20:18.384778,13.00,70.00,6373,6917
00:21:22.712601,13.00,70.00,5915,6916
00:22:28.920192,14.00,71.00,6290,6916
00:23:35.321167,13.00,70.00,6329,6916
00:24:41.222743,13.00,70.00,6229,6917
00:25:46.276060,14.00,71.00,6059,6917
00:26:52.132072,13.00,70.00,6220,6916
00:27:57.267093,13.00,70.00,6076,6916
00:29:01.513144,13.00,70.00,5898,6917
00:30:07.143567,13.00,70.00,6174,6917
00:31:13.622088,13.00,70.00,6345,6916
00:32:20.743548,13.00,70.00,6474,6916
00:33:26.939329,13.00,70.00,6288,6916
00:34:30.558369,13.00,70.00,5772,6917
00:35:37.355829,13.00,70.00,6408,6917
00:36:44.997681,13.00,70.00,6577,6916
00:37:49.398743,13.00,71.00,5930,6916
00:38:53.226689,13.00,71.00,5815,6916
00:40:01.134568,13.00,70.00,6630,6917
00:41:08.239115,13.00,70.00,6470,6916
00:42:14.774806,13.00,70.00,6356,6917
00:43:20.257180,13.00,70.00,6145,6917
00:44:25.948844,13.00,70.00,6187,6916
00:45:30.706617,13.00,70.00,6001,6916
00:46:37.504826,13.00,70.00,6408,6916
00:47:43.762107,13.00,70.00,6300,6916
00:48:49.028064,13.00,71.00,6102,6917
00:49:55.072438,13.00,71.00,6258,6916
00:51:01.067398,13.00,71.00,6248,6916
00:52:08.213485,13.00,70.00,6478,6917
00:53:11.942964,13.00,70.00,5794,6917
00:54:18.663053,13.00,70.00,6393,6916
00:55:25.337948,13.00,70.00,6383,6917
00:56:29.575536,13.00,70.00,5897,6917
00:57:35.471841,14.00,71.00,6228,6916
00:58:41.515981,13.00,70.00,6258,6916
00:59:47.486311,13.00,70.00,6243,6916
01:00:54.878385,13.00,70.00,6528,6917
01:02:02.134505,13.00,70.00,6500,6917
01:03:09.231259,14.00,71.00,6467,6917
01:04:16.421943,13.00,70.00,6488,6917
01:05:22.973647,13.00,70.00,6359,6917
01:06:28.731061,13.00,70.00,6201,6917
01:07:36.441828,13.00,70.00,6591,6916
01:08:44.325052,13.00,71.00,6624,6917
01:09:50.696323,13.00,71.00,6323,6916
01:10:56.215743,13.00,71.00,6153,6917
01:12:00.432398,13.00,71.00,5893,6917
01:13:05.861829,13.00,71.00,6135,6916
01:14:11.450496,13.00,71.00,6167,6917
01:15:16.257255,13.00,71.00,6010,6916
01:16:22.845510,13.00,71.00,6367,6917
01:17:29.709164,13.00,71.00,6421,6916
01:18:35.425157,13.00,71.00,6192,6916
01:19:42.808765,13.00,71.00,6525,6917
01:20:49.139439,13.00,71.00,6314,6917
01:21:54.831079,13.00,71.00,6188,6916
01:22:59.383819,13.00,71.00,5960,6916
01:24:04.977058,13.00,71.00,6168,6916
01:25:10.496630,13.00,71.00,6153,6916
01:26:16.974792,13.00,72.00,6344,6917
01:27:23.612870,13.00,71.00,6376,6917
01:28:31.073966,12.00,72.00,6541,6917
01:29:39.645148,12.00,73.00,6763,6917
01:30:46.430506,13.00,72.00,6406,6917
01:31:53.965348,13.00,72.00,6556,6917
01:32:59.644625,13.00,72.00,6185,6916
01:34:04.172982,13.00,72.00,5955,6916
01:35:11.265462,13.00,72.00,6467,6917
01:36:18.951795,13.00,72.00,6586,6916
01:37:26.761107,13.00,72.00,6611,6916
01:38:34.607063,13.00,72.00,6617,6917
01:39:40.110059,13.00,72.00,6149,6916
01:40:46.538547,13.00,72.00,6335,6916
01:41:52.791333,13.00,72.00,6299,6916
01:42:59.400276,13.00,72.00,6371,6917
01:44:05.468585,13.00,72.00,6263,6916
01:45:10.991610,13.00,72.00,6153,6917
01:46:18.071471,13.00,72.00,6465,6916
01:47:25.639005,13.00,72.00,6562,6917
01:48:31.945180,13.00,72.00,6309,6917
01:49:37.694222,13.00,72.00,6199,6916
01:50:42.693534,13.00,72.00,6049,6916
01:51:49.580925,13.00,72.00,6427,6916
01:52:55.088224,13.00,72.00,6150,6916
01:54:03.508020,13.00,72.00,6732,6917
01:55:10.985679,13.00,72.00,6545,6916
01:56:18.737717,13.00,71.00,6599,6916
01:57:25.498331,13.00,72.00,6400,6917
01:58:32.553627,13.00,72.00,6460,6916
01:59:37.708636,13.00,72.00,6079,6917
02:00:42.732466,13.00,71.00,6054,6916
02:01:48.845756,13.00,71.00,6272,6916
02:02:55.933951,13.00,71.00,6466,6917
02:04:01.543137,13.00,71.00,6171,6916
02:05:06.161471,13.00,71.00,5973,6916
02:06:12.544839,12.00,72.00,6325,6917
02:07:16.032677,13.00,71.00,5747,6917
02:08:22.620769,13.00,71.00,6366,6917
02:09:29.369058,13.00,71.00,6399,6916
02:10:34.786118,13.00,71.00,6133,6917
02:11:41.694405,13.00,71.00,6430,6916
02:12:48.782792,13.00,72.00,6467,6916
02:13:54.728398,13.00,71.00,6238,6916
02:15:01.869938,13.00,71.00,6477,6916
02:16:09.458207,13.00,71.00,6567,6916
02:17:15.538993,13.00,71.00,6265,6916
02:18:21.775292,13.00,71.00,6296,6916
02:19:28.867697,13.00,71.00,6467,6917
02:20:36.369764,13.00,71.00,6550,6916
02:21:43.056476,13.00,71.00,6386,6916
02:22:49.993252,13.00,71.00,6436,6916
02:23:54.689463,13.00,71.00,5988,6917
02:25:00.429569,13.00,71.00,6198,6916
02:26:02.630985,13.00,71.00,5490,6916
02:27:09.383501,13.00,71.00,6399,6916
02:28:18.028283,13.00,71.00,6778,6917
02:29:24.731423,13.00,71.00,6390,6917
02:30:31.593966,13.00,71.00,6421,6917
02:31:38.559341,13.00,71.00,6442,6916
02:32:45.209271,13.00,71.00,6379,6917
02:33:50.704369,12.00,72.00,6149,6916
02:34:57.444458,12.00,72.00,6397,6916
02:36:04.831841,12.00,72.00,6526,6916
02:37:13.030436,12.00,72.00,6689,6917
02:38:17.927098,12.00,72.00,6028,6917
02:39:23.413910,12.00,72.00,6146,6917
02:40:29.121444,12.00,72.00,6191,6917
02:41:36.517194,12.00,72.00,6528,6917
02:42:41.012456,12.00,72.00,5948,6916
02:43:48.256396,12.00,72.00,6497,6917
02:44:55.573925,12.00,72.00,6513,6917
02:46:01.310388,12.00,72.00,6196,6916
02:47:08.373903,12.00,72.00,6461,6917
02:48:15.662679,12.00,72.00,6506,6917
02:49:21.722866,12.00,72.00,6261,6917
02:50:29.475165,12.00,72.00,6599,6916
02:51:38.406813,12.00,72.00,6835,6916
02:52:43.414367,12.00,72.00,6051,6917
02:53:51.092560,12.00,72.00,6584,6916
02:54:59.335912,12.00,72.00,6697,6916
02:56:06.498180,12.00,72.00,6482,6917
02:57:14.110911,12.00,72.00,6571,6917
02:58:19.724300,13.00,72.00,6171,6916
02:59:27.619901,12.00,73.00,6628,6917
03:00:35.601238,12.00,72.00,6646,6916
03:01:42.242747,12.00,72.00,6377,6916
03:02:49.020081,12.00,72.00,6405,6916
03:03:56.595662,12.00,72.00,6563,6917
03:05:04.048606,12.00,72.00,6540,6917
03:06:09.420448,12.00,72.00,6124,6917
03:07:16.692645,12.00,73.00,6503,6917
03:08:23.060183,12.00,72.00,6323,6916
03:09:30.910221,12.00,72.00,6619,6916
03:10:36.691414,12.00,72.00,6205,6917
03:11:41.809400,12.00,72.00,6072,6916
03:12:49.692018,12.00,73.00,6626,6916
03:13:58.066660,12.00,73.00,6723,6916
03:15:03.241732,12.00,73.00,6084,6917
03:16:10.133471,12.00,73.00,6427,6917
03:17:16.464306,12.00,73.00,6315,6917
03:18:22.147524,12.00,73.00,6185,6917
03:19:28.355156,12.00,73.00,6291,6916
03:20:33.186553,12.00,73.00,6015,6917
03:21:37.358395,12.00,73.00,5884,6917
03:22:43.021244,12.00,73.00,6181,6917
03:23:49.597380,12.00,73.00,6364,6917
03:24:56.902831,12.00,73.00,6510,6917
03:26:04.252942,12.00,73.00,6519,6917
03:27:09.842085,12.00,73.00,6167,6916
03:28:17.413853,12.00,73.00,6563,6916
03:29:22.708070,12.00,73.00,6108,6917
03:30:30.717969,12.00,73.00,6651,6916
03:31:37.187811,12.00,73.00,6343,6917
03:32:44.775600,12.00,73.00,6567,6916
03:33:50.868742,12.00,73.00,6267,6916
03:34:57.457208,12.00,73.00,6366,6916
03:36:05.086244,12.00,73.00,6575,6916
03:37:12.804961,12.00,73.00,6592,6916
03:38:15.879050,12.00,73.00,5664,6917
03:39:19.931929,12.00,73.00,5860,6916
03:40:25.647721,12.00,73.00,6192,6917
03:41:34.161563,12.00,73.00,6751,6917
03:42:39.488244,12.00,73.00,6115,6916
03:43:46.727969,12.00,73.00,6496,6917
03:44:53.594887,12.00,73.00,6422,6917
03:46:01.743999,12.00,73.00,6679,6916
03:47:07.066919,12.00,73.00,6114,6916
03:48:14.015863,12.00,73.00,6439,6916
03:49:20.088499,12.00,73.00,6264,6916
03:50:28.421750,12.00,73.00,6715,6917
03:51:35.739619,12.00,73.00,6512,6916
03:52:42.963092,12.00,73.00,6494,6917
03:53:49.117360,12.00,73.00,6280,6916
03:54:57.467072,12.00,73.00,6718,6916
03:56:04.559434,12.00,73.00,6467,6917
03:57:11.143849,12.00,73.00,6366,6916
03:58:13.848746,12.00,73.00,5590,6916
03:59:22.317328,12.00,73.00,6743,6916
04:00:28.127699,12.00,73.00,6211,6917
04:01:34.625846,12.00,73.00,6349,6916
04:02:41.119983,12.00,73.00,6348,6917
04:03:48.494952,12.00,73.00,6524,6916
04:04:55.169562,12.00,73.00,6384,6916
04:06:01.606585,12.00,73.00,6336,6917
04:07:07.830389,12.00,73.00,6294,6916
04:08:13.870130,12.00,73.00,6257,6917
04:09:21.577074,12.00,74.00,6590,6916
04:10:28.956342,12.00,74.00,6526,6916
04:11:35.356165,12.00,74.00,6329,6916
04:12:42.239976,12.00,74.00,6426,6916
04:13:49.885152,12.00,74.00,6578,6917
04:14:57.260279,12.00,74.00,6524,6916
04:16:03.525280,12.00,74.00,6302,6917
04:17:09.982561,12.00,74.00,6340,6917
04:18:15.579874,12.00,74.00,6169,6916
04:19:22.446812,12.00,74.00,6423,6916
04:20:29.465396,12.00,74.00,6453,6916
04:21:36.738044,12.00,74.00,6503,6916
04:22:44.870699,12.00,74.00,6676,6916
04:23:52.786572,12.00,74.00,6632,6916
04:25:00.505734,12.00,74.00,6593,6917
04:26:06.618975,12.00,74.00,6271,6917
04:27:12.314633,12.00,74.00,6188,6916
04:28:19.628073,12.00,74.00,6511,6917
04:29:24.995861,12.00,74.00,6123,6917
04:30:32.293018,12.00,74.00,6508,6917
04:31:39.286973,12.00,74.00,6448,6917
04:32:46.981141,12.00,74.00,6588,6916
04:33:54.831433,12.00,74.00,6619,6917
04:34:59.646074,12.00,74.00,6012,6917
04:36:06.877374,12.00,74.00,6496,6916
04:37:14.219773,12.00,75.00,6518,6916
04:38:21.680576,12.00,75.00,6541,6916
04:39:28.350888,12.00,75.00,6383,6916
04:40:33.931618,12.00,75.00,6165,6916
04:41:40.717043,12.00,75.00,6406,6916
04:42:47.538998,12.00,75.00,6413,6916
04:43:54.979605,12.00,75.00,6538,6916
04:45:00.015547,12.00,75.00,6056,6916
04:46:05.432391,12.00,75.00,6132,6916
04:47:11.279691,12.00,75.00,6218,6917
04:48:18.429127,12.00,75.00,6479,6916
04:49:25.329243,12.00,75.00,6429,6916
04:50:33.158951,12.00,75.00,6615,6917
04:51:38.018891,12.00,75.00,6021,6917
04:52:42.432031,12.00,75.00,5931,6917
04:53:48.045857,12.00,75.00,6172,6916
04:54:55.871447,12.00,75.00,6615,6916
04:56:02.476317,12.00,75.00,6370,6917
04:57:09.790144,12.00,75.00,6511,6916
04:58:16.620460,12.00,75.00,6416,6917
04:59:22.315869,12.00,76.00,6188,6916
05:00:29.146282,12.00,76.00,6416,6916
05:01:36.181176,12.00,76.00,6455,6916
05:02:42.970215,12.00,76.00,6408,6916
05:03:50.161154,12.00,76.00,6487,6916
05:04:57.888362,12.00,76.00,6594,6917
05:06:04.001375,12.00,76.00,6272,6917
05:07:11.687886,12.00,76.00,6586,6916
05:08:19.578941,12.00,76.00,6628,6916
05:09:25.519888,12.00,76.00,6237,6916
05:10:30.920643,12.00,76.00,6129,6916
05:11:37.615455,12.00,76.00,6388,6917
05:12:42.233586,12.00,76.00,5972,6917
05:13:46.708239,12.00,76.00,5944,6916
05:14:54.402621,12.00,76.00,6588,6917
05:16:00.606233,12.00,76.00,6290,6916
05:17:07.460810,12.00,76.00,6420,6916
05:18:15.061500,12.00,76.00,6569,6916
05:19:20.785641,12.00,76.00,6193,6916
05:20:28.987845,12.00,76.00,6689,6917
05:21:35.957390,12.00,76.00,6442,6917
05:22:43.820038,12.00,76.00,6621,6917
05:23:51.006385,12.00,76.00,6487,6917
05:24:56.599619,12.00,76.00,6168,6916
05:26:03.306988,12.00,76.00,6391,6917
05:27:10.264056,12.00,76.00,6440,6916
05:28:17.876691,12.00,76.00,6572,6917
05:29:25.706219,12.00,76.00,6614,6916
05:30:31.967037,12.00,76.00,6302,6916
05:31:38.108900,12.00,76.00,6278,6916
05:32:43.005268,12.00,76.00,6029,6916
05:33:49.044871,12.00,76.00,6257,6916
05:34:54.088944,12.00,76.00,6057,6917
05:36:00.898418,12.00,76.00,6411,6916
05:37:07.663129,12.00,76.00,6401,6917
05:38:12.559786,12.00,76.00,6029,6916
05:39:17.272566,12.00,76.00,5992,6916
05:40:22.406899,12.00,76.00,6076,6917
05:41:29.802366,12.00,76.00,6528,6917
05:42:36.366358,12.00,76.00,6361,6916
05:43:41.623674,12.00,77.00,6101,6917
05:44:48.998576,12.00,77.00,6524,6916
05:45:56.193137,12.00,77.00,6487,6917
05:47:02.613944,12.00,77.00,6334,6917
05:48:09.533791,12.00,77.00,6432,6917
05:49:15.975180,12.00,77.00,6338,6916
05:50:23.571018,12.00,77.00,6568,6917
05:51:28.521168,12.00,76.00,6040,6916
05:52:33.803157,12.00,76.00,6105,6917
05:53:38.908837,12.00,76.00,6071,6916
05:54:43.055699,12.00,76.00,5879,6917
05:55:48.866053,12.00,77.00,6211,6916
05:56:56.372180,12.00,77.00,6551,6916
05:58:01.891499,12.00,77.00,6153,6916
05:59:07.713876,12.00,77.00,6213,6916
06:00:12.598030,12.00,77.00,6026,6917
06:01:19.297316,12.00,77.00,6389,6917
06:02:26.524749,12.00,77.00,6495,6916
06:03:31.237037,12.00,77.00,5992,6916
06:04:37.915572,12.00,77.00,6385,6917
06:05:44.761925,12.00,77.00,6418,6916
06:06:50.510881,12.00,77.00,6199,6917
06:07:56.874129,12.00,77.00,6321,6917
06:09:02.684384,12.00,77.00,6212,6916
06:10:08.228412,12.00,77.00,6158,6917
06:11:12.871241,12.00,77.00,5978,6916
06:12:20.414298,12.00,77.00,6558,6917
06:13:29.427773,12.00,77.00,6851,6917
06:14:35.438670,12.00,77.00,6251,6916
06:15:41.338993,12.00,77.00,6230,6916
06:16:47.681762,12.00,77.00,6317,6917
06:17:53.889280,12.00,77.00,6291,6917
06:18:58.638336,11.00,77.00,5999,6916
06:20:02.969981,11.00,77.00,5916,6916
06:21:07.751986,12.00,77.00,6006,6916
06:22:11.866272,11.00,77.00,5872,6917
06:23:17.225720,12.00,78.00,6121,6916
06:24:22.138629,11.00,78.00,6032,6917
06:25:30.296184,11.00,78.00,6681,6916
06:26:37.797996,11.00,78.00,6549,6917
06:27:43.059228,11.00,78.00,6101,6917
06:28:49.700778,11.00,78.00,6378,6916
06:29:57.140996,11.00,78.00,6537,6916
06:31:03.766347,12.00,78.00,6373,6917
06:32:10.760775,11.00,78.00,6448,6917
06:33:17.369615,12.00,78.00,6371,6917
06:34:24.466209,11.00,78.00,6468,6917
06:35:31.341392,11.00,78.00,6424,6916
06:36:38.921298,11.00,78.00,6565,6917
06:37:45.022321,11.00,78.00,6269,6916
06:38:52.852013,11.00,78.00,6615,6917
06:40:00.825092,11.00,78.00,6643,6916
06:41:07.991109,11.00,78.00,6482,6916
06:42:13.920052,11.00,78.00,6234,6917
06:43:20.774876,11.00,78.00,6420,6916
06:44:27.084854,11.00,78.00,6311,6917
06:45:33.452091,11.00,79.00,6322,6916
06:46:41.219947,11.00,79.00,6603,6917
06:47:47.566882,11.00,79.00,6318,6916
06:48:55.015597,11.00,79.00,6539,6917
06:50:02.402700,11.00,79.00,6526,6917
06:51:09.544235,11.00,79.00,6477,6917
06:52:16.374142,11.00,79.00,6416,6916
06:53:24.359407,11.00,79.00,6646,6916
06:54:30.292308,11.00,79.00,6236,6916
06:55:36.811456,11.00,79.00,6353,6917
06:56:45.431506,11.00,79.00,6773,6916
06:57:51.827595,11.00,79.00,6329,6917
06:58:59.173584,11.00,79.00,6518,6917
07:00:06.618541,11.00,79.00,6538,6916
07:01:13.514281,11.00,79.00,6428,6916
07:02:19.299869,11.00,79.00,6206,6917
07:03:25.097773,11.00,80.00,6209,6917
07:04:29.503073,11.00,80.00,5931,6917
07:05:36.742443,11.00,80.00,6497,6916
07:06:43.589312,11.00,80.00,6418,6917
07:07:49.886823,11.00,80.00,6309,6916
07:08:55.233882,11.00,80.00,6118,6917
07:10:01.933203,11.00,80.00,6389,6917
07:11:07.779926,11.00,80.00,6219,6916
07:12:13.537046,11.00,80.00,6201,6916
07:13:20.477655,11.00,80.00,6437,6916
07:14:28.421875,11.00,80.00,6638,6916
07:15:34.420403,11.00,80.00,6249,6917
07:16:37.818022,11.00,80.00,5730,6916
07:17:43.943513,11.00,80.00,6273,6917
07:18:50.253220,11.00,80.00,6311,6916
07:19:57.415556,11.00,80.00,6481,6917
07:21:05.716060,11.00,80.00,6710,6916
07:22:13.066656,11.00,80.00,6519,6917
07:23:18.024936,11.00,80.00,6040,6917
07:24:24.469979,11.00,80.00,6338,6917
07:25:31.705741,11.00,80.00,6496,6917
07:26:37.741092,11.00,80.00,6256,6917
07:27:46.189507,11.00,81.00,6739,6916
07:28:53.793642,11.00,81.00,6570,6917
07:29:59.816825,12.00,81.00,6253,6916
07:31:06.479222,12.00,81.00,6382,6917
07:32:13.624868,11.00,80.00,6478,6917
07:33:19.865033,11.00,80.00,6297,6916
07:34:26.744097,11.00,80.00,6424,6916
07:35:33.434969,11.00,80.00,6387,6916
07:36:40.715765,11.00,80.00,6505,6916
07:37:48.291114,11.00,80.00,6564,6916
07:38:53.011876,11.00,80.00,5994,6916
07:39:58.871172,11.00,80.00,6221,6916
07:41:04.881917,11.00,80.00,6252,6916
07:42:10.249570,11.00,80.00,6123,6916
07:43:17.149361,11.00,80.00,6429,6916
07:44:25.798207,11.00,80.00,6778,6917
07:45:33.460242,12.00,80.00,6581,6917
07:46:42.539173,12.00,80.00,6865,6916
07:47:51.249528,12.00,80.00,6791,6917
07:48:59.972087,13.00,79.00,6793,6916
07:50:08.698851,13.00,79.00,6794,6916
07:51:18.035869,14.00,78.00,6916,6916
07:52:26.754331,14.00,78.00,6792,6916
07:53:35.468735,15.00,76.00,6792,6917
07:54:44.183092,15.00,74.00,6791,6917
07:55:53.524098,15.00,73.00,6917,6916
07:57:02.234469,16.00,72.00,6790,6917
07:58:10.944682,16.00,71.00,6791,6917
07:59:19.658944,16.00,70.00,6791,6917
08:00:28.373201,16.00,69.00,6791,6917
08:01:37.083866,16.00,68.00,6792,6916
08:02:45.802167,16.00,68.00,6792,6917
08:03:54.521010,17.00,66.00,6793,6916
08:05:03.239496,17.00,65.00,6791,6917
08:06:11.958066,17.00,63.00,6792,6917
08:07:20.676744,17.00,62.00,6792,6916
08:08:29.399274,17.00,61.00,6792,6917
08:09:38.121914,17.00,60.00,6794,6916
08:10:46.852552,17.00,58.00,6794,6916
08:11:54.739846,17.00,58.00,6626,6916
08:13:03.474631,16.00,57.00,6796,6917
08:14:11.738559,17.00,57.00,6701,6916
08:15:20.456928,17.00,56.00,6793,6916
08:16:29.179766,18.00,56.00,6793,6917
08:17:37.906152,18.00,55.00,6793,6916
08:18:46.633088,17.00,55.00,6794,6916
08:19:52.988174,17.00,55.00,6320,6916
08:21:01.198602,18.00,54.00,6690,6917
08:22:09.924978,18.00,54.00,6794,6917
08:23:18.651919,18.00,54.00,6793,6917
08:24:27.378381,18.00,54.00,6794,6916
08:25:36.121581,18.00,53.00,6797,6917
08:26:44.848200,19.00,52.00,6794,6916
08:27:53.583256,19.00,52.00,6795,6917
08:29:02.318245,19.00,51.00,6795,6916
08:30:10.840077,19.00,51.00,6753,6917
08:31:19.595467,18.00,51.00,6799,6916
08:32:28.330516,18.00,51.00,6795,6917
08:33:37.061226,19.00,51.00,6794,6917
08:34:45.788008,19.00,51.00,6794,6916
08:35:54.514646,19.00,50.00,6794,6916
08:37:03.249565,20.00,50.00,6795,6917
08:38:11.976157,20.00,50.00,6794,6916
08:39:20.707116,20.00,50.00,6794,6917
08:40:29.319120,20.00,49.00,6770,6917
08:41:38.058267,20.00,49.00,6796,6916
08:42:46.789127,20.00,49.00,6794,6916
08:43:55.519965,21.00,48.00,6794,6916
08:45:04.250865,21.00,48.00,6794,6917
08:46:12.981570,21.00,48.00,6794,6917
08:47:21.712686,21.00,47.00,6794,6917
08:48:30.447453,21.00,47.00,6795,6917
08:49:39.178546,21.00,47.00,6795,6916
08:50:48.523617,21.00,47.00,6917,6916
08:51:57.865032,21.00,46.00,6916,6917
08:53:06.608134,21.00,46.00,6796,6917
08:54:15.949063,21.00,46.00,6917,6916
08:55:24.246028,20.00,47.00,6707,6917
08:56:32.980681,20.00,47.00,6795,6917
08:57:41.711820,20.00,47.00,6795,6917
08:58:50.450573,20.00,47.00,6796,6917
08:59:59.193864,21.00,47.00,6796,6917
09:01:08.539007,21.00,46.00,6917,6916
09:02:17.880271,21.00,46.00,6917,6916
09:03:27.221413,21.00,46.00,6916,6917
09:04:36.222574,21.00,46.00,6848,6916
09:05:45.563815,21.00,46.00,6917,6916
09:06:54.905158,22.00,45.00,6916,6917
09:08:04.250386,21.00,45.00,6916,6917
09:09:12.993305,21.00,45.00,6796,6916
09:10:21.728504,21.00,45.00,6795,6916
09:11:31.069636,21.00,45.00,6916,6917
09:12:39.751468,22.00,45.00,6785,6916
09:13:49.096548,21.00,45.00,6916,6916
09:14:58.380430,21.00,45.00,6904,6917
09:16:07.119462,21.00,44.00,6796,6917
09:17:14.494272,21.00,44.00,6523,6917
09:18:23.835672,21.00,44.00,6916,6917
09:19:32.574740,21.00,45.00,6795,6917
09:20:41.309530,22.00,44.00,6795,6917
09:21:49.540325,22.00,44.00,6694,6917
09:22:57.554253,21.00,44.00,6651,6916
09:24:05.654304,21.00,44.00,6668,6916
09:25:14.393276,21.00,44.00,6797,6916
09:26:20.633417,21.00,44.00,6296,6917
09:27:29.376563,20.00,45.00,6797,6916
09:28:38.717638,21.00,45.00,6917,6916
09:29:48.062841,21.00,45.00,6917,6916
09:30:57.404155,22.00,44.00,6917,6916
09:32:06.749506,23.00,43.00,6917,6916
09:33:16.094587,24.00,45.00,6916,6917
09:34:24.829783,24.00,43.00,6795,6917
09:35:33.568961,25.00,44.00,6796,6916
09:36:42.201432,25.00,43.00,6774,6916
09:37:50.834109,25.00,43.00,6774,6917
09:39:00.179219,24.00,40.00,6917,6916
09:40:09.524403,24.00,44.00,6916,6917
09:41:18.206007,25.00,44.00,6784,6917
09:42:26.711316,25.00,43.00,6749,6916
09:43:36.056790,25.00,40.00,6917,6916
09:44:45.402048,24.00,40.00,6917,6916
09:45:54.804743,25.00,42.00,6927,6917
09:47:04.149910,25.00,43.00,6916,6917
09:48:13.495112,25.00,39.00,6916,6917
09:49:22.840377,26.00,42.00,6916,6917
09:50:32.185710,25.00,37.00,6916,6917
09:51:41.313884,27.00,41.00,6873,6916
09:52:50.122604,27.00,41.00,6810,6916
09:53:59.467820,27.00,41.00,6917,6916
09:55:08.812941,27.00,41.00,6917,6917
09:56:18.158271,27.00,40.00,6916,6917
09:57:27.507542,28.00,40.00,6916,6917
09:58:36.291514,27.00,40.00,6805,6916
09:59:45.636813,27.00,40.00,6916,6916
10:00:54.981943,27.00,39.00,6916,6917
10:02:03.671841,27.00,39.00,6785,6917
10:03:12.243091,27.00,40.00,6762,6916
10:04:21.592191,28.00,39.00,6916,6917
10:05:30.806838,28.00,39.00,6891,6916
10:06:39.738346,27.00,39.00,6833,6917
10:07:49.010021,27.00,39.00,6902,6916
10:08:58.355375,27.00,39.00,6917,6916
10:10:07.167949,27.00,39.00,6810,6916
10:11:16.513422,28.00,39.00,6917,6916
10:12:25.862883,28.00,38.00,6916,6917
10:13:35.208281,28.00,38.00,6916,6917
10:14:43.582622,29.00,36.00,6722,6917
10:15:49.933833,28.00,37.00,6318,6916
10:16:55.666022,27.00,37.00,6195,6917
10:18:01.451926,26.00,37.00,6204,6917
10:19:10.797181,24.00,34.00,6917,6916
10:20:19.016015,27.00,38.00,6692,6916
10:21:28.361267,28.00,39.00,6916,6917
10:22:36.752150,28.00,37.00,6726,6916
10:23:46.101275,28.00,37.00,6917,6916
10:24:55.446731,28.00,37.00,6917,6916
10:26:04.792105,28.00,37.00,6917,6916
10:27:14.137114,29.00,35.00,6917,6916
10:28:23.134217,29.00,35.00,6847,6916
10:29:29.534600,28.00,35.00,6327,6916
10:30:38.879934,26.00,36.00,6916,6917
10:31:48.225282,25.00,32.00,6916,6917
10:32:56.558907,25.00,32.00,6714,6917
10:34:05.314454,28.00,37.00,6798,6916
10:35:13.672514,29.00,35.00,6720,6916
10:36:21.781006,28.00,35.00,6669,6917
10:37:30.655072,28.00,35.00,6822,6916
10:38:40.000578,25.00,32.00,6917,6916
10:39:49.345770,27.00,35.00,6917,6916
10:40:58.691045,27.00,31.00,6916,6917
10:42:05.484683,29.00,34.00,6406,6917
10:43:14.830012,28.00,35.00,6917,6916
10:44:22.459159,29.00,35.00,6573,6916
10:45:31.804427,30.00,34.00,6917,6916
10:46:39.691374,29.00,34.00,6625,6917
10:47:49.036964,29.00,33.00,6917,6916
10:48:57.952080,30.00,33.00,6830,6916
10:50:05.724242,30.00,33.00,6602,6916
10:51:15.069776,29.00,33.00,6916,6917
10:52:23.768023,29.00,33.00,6788,6916
10:53:33.117223,29.00,33.00,6916,6917
10:54:41.458906,30.00,33.00,6716,6917
10:55:50.419156,30.00,33.00,6839,6917
10:56:57.961866,30.00,32.00,6556,6916
10:58:07.307460,29.00,32.00,6916,6916
10:59:16.656758,30.00,33.00,6916,6917
11:00:26.002290,30.00,32.00,6917,6916
11:01:31.153069,30.00,32.00,6078,6916
11:02:39.248888,28.00,33.00,6667,6916
11:03:48.594605,29.00,33.00,6916,6917
11:04:57.943961,30.00,32.00,6916,6917
11:06:07.154283,30.00,32.00,6890,6916
11:07:14.135990,30.00,32.00,6444,6916
11:08:22.363187,26.00,33.00,6693,6916
11:09:30.233598,25.00,33.00,6622,6916
11:10:39.022087,24.00,35.00,6805,6917
11:11:47.719998,24.00,36.00,6787,6917
11:12:56.487931,26.00,35.00,6801,6916
11:14:05.251300,27.00,34.00,6801,6916
11:15:14.007130,27.00,27.00,6799,6916
11:16:23.352465,28.00,26.00,6916,6917
11:17:32.108032,28.00,26.00,6798,6916
11:18:41.391909,29.00,24.00,6904,6917
11:19:50.114658,26.00,22.00,6792,6916
11:20:58.550527,25.00,24.00,6735,6917
11:22:05.388969,24.00,23.00,6415,6916
11:23:12.452405,25.00,34.00,6461,6916
11:24:21.052463,27.00,34.00,6768,6916
11:25:29.815719,25.00,34.00,6800,6917
11:26:38.088166,24.00,35.00,6703,6916
11:27:46.859798,22.00,28.00,6802,6916
11:28:55.640026,23.00,36.00,6804,6916
11:30:03.821762,23.00,33.00,6685,6916
11:31:13.167365,24.00,33.00,6917,6916
11:32:21.320498,27.00,34.00,6679,6916
11:33:28.691671,23.00,28.00,6522,6917
11:34:38.036777,23.00,36.00,6916,6917
11:35:46.808476,22.00,33.00,6802,6917
11:36:55.580630,23.00,36.00,6802,6916
11:38:04.413942,23.00,37.00,6815,6916
11:39:13.198060,24.00,37.00,6804,6916
11:40:21.974026,23.00,37.00,6803,6917
11:41:30.749843,23.00,37.00,6803,6916
11:42:38.968661,22.00,34.00,6692,6916
11:43:47.744709,23.00,37.00,6802,6917
11:44:55.885575,23.00,38.00,6676,6917
11:46:04.047199,23.00,37.00,6680,6916
11:47:12.814667,21.00,34.00,6801,6917
11:48:18.272562,21.00,39.00,6139,6917
11:49:26.511976,20.00,39.00,6696,6916
11:50:32.068175,20.00,41.00,6159,6917
11:51:38.570599,19.00,37.00,6349,6916
11:52:43.319674,20.00,43.00,5998,6916
11:53:49.191697,20.00,44.00,6223,6917
11:54:53.830196,20.00,44.00,5976,6917
11:55:59.931529,20.00,45.00,6268,6916
11:57:06.339652,20.00,45.00,6331,6916
11:58:13.178261,19.00,41.00,6416,6916
11:59:18.316565,20.00,46.00,6077,6916
12:00:25.167472,18.00,43.00,6419,6916
12:01:31.735406,18.00,43.00,6362,6916
12:02:37.398168,18.00,45.00,6181,6917
12:03:42.209201,19.00,46.00,6010,6917
12:04:50.129072,19.00,47.00,6633,6917
12:05:57.905265,17.00,46.00,6603,6917
12:07:06.030128,17.00,47.00,6673,6916
12:08:13.474636,19.00,48.00,6537,6917
12:09:22.234470,18.00,49.00,6800,6917
12:10:31.579442,18.00,49.00,6916,6917
12:11:40.339008,19.00,50.00,6801,6916
12:12:49.119096,18.00,50.00,6805,6916
12:13:57.907081,18.00,50.00,6805,6917
12:15:06.679203,19.00,51.00,6802,6917
12:16:15.455152,19.00,50.00,6804,6916
12:17:24.231127,19.00,50.00,6803,6916
12:18:32.986608,21.00,49.00,6800,6917
12:19:41.750314,21.00,48.00,6800,6916
12:20:50.534254,20.00,49.00,6805,6916
12:21:59.326801,19.00,48.00,6807,6916
12:23:08.082186,19.00,49.00,6800,6916
12:24:16.845692,18.00,50.00,6801,6917
12:25:25.601212,18.00,50.00,6799,6917
12:26:34.344367,21.00,49.00,6797,6916
12:27:42.235471,25.00,46.00,6627,6916
12:28:50.978566,28.00,44.00,6797,6916
12:30:00.291298,30.00,42.00,6911,6916
12:31:09.038481,27.00,41.00,6797,6917
12:32:17.793964,24.00,37.00,6799,6916
12:33:26.553552,23.00,43.00,6799,6916
12:34:35.321316,22.00,44.00,6802,6916
12:35:43.675356,22.00,43.00,6718,6916
12:36:51.672953,26.00,41.00,6648,6916
12:38:00.420011,30.00,41.00,6797,6916
12:39:09.171649,32.00,38.00,6798,6917
12:40:17.922719,34.00,34.00,6797,6917
12:41:26.678265,32.00,33.00,6798,6917
12:42:33.774827,34.00,33.00,6468,6916
12:43:42.534266,33.00,31.00,6799,6917
12:44:51.220149,30.00,32.00,6785,6916
12:45:58.226306,30.00,32.00,6449,6916
12:47:07.567565,30.00,33.00,6917,6916
12:48:16.912735,33.00,31.00,6916,6917
12:49:22.645210,34.00,30.00,6194,6916
12:50:31.990491,30.00,31.00,6917,6916
12:51:40.754396,27.00,31.00,6801,6916
12:52:49.546783,25.00,33.00,6806,6916
12:53:57.978332,27.00,34.00,6734,6917
12:55:07.323908,30.00,33.00,6916,6917
12:56:16.198296,33.00,31.00,6823,6916
12:57:24.961749,30.00,32.00,6800,6917
12:58:33.717464,32.00,32.00,6799,6916
12:59:41.772453,34.00,30.00,6658,6917
13:00:50.392811,34.00,29.00,6772,6917
13:01:56.870484,32.00,30.00,6344,6916
13:03:04.003834,29.00,30.00,6474,6917
13:04:10.670315,27.00,31.00,6382,6916
13:05:17.582535,26.00,33.00,6431,6916
13:06:25.301513,25.00,34.00,6591,6917
13:07:34.069401,25.00,34.00,6802,6916
13:08:40.797092,25.00,35.00,6393,6916
13:09:48.397417,25.00,35.00,6569,6917
13:10:55.673943,23.00,35.00,6503,6916
13:12:04.445794,22.00,37.00,6803,6916
13:13:11.898421,22.00,38.00,6539,6916
13:14:20.674474,22.00,39.00,6803,6916
13:15:29.450449,22.00,40.00,6803,6917
13:16:38.225996,22.00,40.00,6803,6916
13:17:44.781778,22.00,40.00,6360,6916
13:18:53.652072,21.00,41.00,6822,6916
13:20:02.436180,21.00,41.00,6805,6916
13:21:11.228462,21.00,43.00,6807,6916
13:22:20.008240,21.00,39.00,6804,6917
13:23:28.788595,22.00,39.00,6804,6917
13:24:37.306476,25.00,42.00,6752,6916
13:25:46.078017,23.00,36.00,6802,6917
13:26:54.850121,22.00,37.00,6802,6916
13:28:03.613672,23.00,41.00,6801,6916
13:29:11.832615,21.00,36.00,6692,6916
13:30:19.817786,24.00,36.00,6645,6916
13:31:27.872740,28.00,34.00,6659,6916
13:32:35.632913,28.00,36.00,6600,6916
13:33:43.900852,27.00,36.00,6702,6916
13:34:52.176966,27.00,35.00,6703,6916
13:36:00.936627,29.00,35.00,6800,6916
13:37:09.093625,27.00,31.00,6679,6916
13:38:17.865656,26.00,35.00,6802,6917
13:39:26.387548,24.00,29.00,6753,6916
13:40:34.839829,25.00,36.00,6738,6917
13:41:43.464339,27.00,31.00,6772,6917
13:42:52.129628,32.00,32.00,6780,6916
13:43:57.247624,33.00,31.00,6073,6916
13:45:04.893085,33.00,30.00,6576,6916
13:46:13.648551,33.00,30.00,6800,6916
13:47:21.814132,34.00,29.00,6680,6916
13:48:30.569447,34.00,29.00,6799,6916
13:49:38.706625,34.00,29.00,6675,6917
13:50:47.462061,34.00,29.00,6798,6916
13:51:52.571645,34.00,29.00,6070,6917
13:52:58.505084,34.00,28.00,6235,6916
13:54:07.264381,32.00,29.00,6799,6917
13:55:15.491675,33.00,29.00,6693,6916
13:56:24.246964,35.00,27.00,6799,6916
13:57:32.699086,36.00,27.00,6738,6917
13:58:34.953980,34.00,28.00,5500,6916
13:59:43.836280,30.00,26.00,6824,6916
14:00:52.611969,26.00,27.00,6803,6916
14:01:59.299017,25.00,32.00,6386,6916
14:03:04.031982,23.00,33.00,5995,6916
14:04:12.812045,21.00,34.00,6805,6916
14:05:21.591788,21.00,35.00,6803,6917
14:06:28.545178,21.00,36.00,6439,6916
14:07:35.137603,21.00,37.00,6367,6917
14:08:43.913707,20.00,39.00,6803,6917
14:09:52.693636,21.00,39.00,6804,6916
14:11:01.481774,21.00,40.00,6806,6916
14:12:09.864681,22.00,41.00,6725,6916
14:13:18.640356,22.00,41.00,6803,6916
14:14:27.309968,25.00,40.00,6782,6916
14:15:36.077530,30.00,36.00,6801,6916
14:16:44.058744,31.00,33.00,6645,6916
14:17:52.838970,27.00,33.00,6804,6916
14:19:01.618680,27.00,33.00,6804,6916
14:20:09.644940,26.00,34.00,6653,6917
14:21:16.946335,27.00,34.00,6508,6916
14:22:24.575405,30.00,33.00,6574,6917
14:23:31.581712,30.00,32.00,6449,6917
14:24:40.923085,28.00,24.00,6916,6917
14:25:49.514546,33.00,30.00,6765,6917
14:26:57.930079,32.00,18.00,6731,6916
14:28:04.551396,34.00,29.00,6373,6916
14:29:10.853248,34.00,28.00,6309,6916
14:30:19.616904,34.00,29.00,6800,6917
14:31:27.815175,34.00,28.00,6687,6917
14:32:33.363286,34.00,28.00,6158,6916
14:33:41.000537,32.00,29.00,6576,6916
14:34:49.764083,32.00,29.00,6801,6917
14:35:58.212052,32.00,18.00,6738,6916
14:37:06.390102,34.00,28.00,6683,6916
14:38:15.153507,35.00,27.00,6801,6916
14:39:22.299366,36.00,27.00,6477,6917
14:40:31.034314,36.00,16.00,6794,6916
14:41:40.379743,34.00,17.00,6917,6916
14:42:45.128872,37.00,26.00,5998,6916
14:43:54.150728,34.00,28.00,6852,6917
14:45:02.918564,34.00,17.00,6801,6917
14:46:10.367333,37.00,26.00,6537,6917
14:47:18.442788,34.00,28.00,6662,6916
14:48:26.461017,34.00,28.00,6652,6916
14:49:34.647046,34.00,28.00,6684,6917
14:50:42.128444,34.00,28.00,6545,6916
14:51:50.609509,32.00,28.00,6744,6916
14:52:54.686951,30.00,27.00,5864,6917
14:53:59.260106,30.00,28.00,5963,6916
14:55:03.038882,29.00,30.00,5804,6916
14:56:11.810622,28.00,31.00,6803,6917
14:57:20.578442,31.00,29.00,6801,6916
14:58:23.336859,30.00,30.00,5600,6917
14:59:29.249302,28.00,31.00,6231,6916
15:00:36.694133,28.00,31.00,6538,6916
15:01:45.474245,28.00,31.00,6804,6916
15:02:54.253994,30.00,30.00,6804,6917
15:04:02.899071,30.00,30.00,6777,6917
15:05:11.670780,30.00,30.00,6803,6916
15:06:19.778881,27.00,29.00,6670,6916
15:07:29.124330,24.00,28.00,6916,6917
15:08:38.465506,23.00,29.00,6916,6917
15:09:46.893290,22.00,34.00,6734,6916
15:10:55.669296,22.00,34.00,6803,6917
15:12:04.322243,22.00,35.00,6779,6916
15:13:13.102081,22.00,36.00,6803,6917
15:14:19.858804,22.00,36.00,6399,6917
15:15:28.323192,21.00,37.00,6741,6917
15:16:36.263460,21.00,37.00,6636,6917
15:17:45.051897,21.00,37.00,6806,6917
15:18:53.831784,21.00,38.00,6804,6916
15:20:01.993445,21.00,38.00,6681,6917
15:21:10.756925,22.00,39.00,6801,6916
15:22:19.811412,21.00,39.00,6859,6917
15:23:28.612228,21.00,39.00,6808,6917
15:24:37.338731,21.00,39.00,6793,6917
15:25:46.684255,21.00,39.00,6916,6917
15:26:55.460206,21.00,40.00,6804,6917
15:28:03.605269,21.00,40.00,6677,6917
15:29:12.372947,21.00,40.00,6802,6917
15:30:21.148874,20.00,41.00,6803,6916
15:31:29.920622,21.00,41.00,6802,6916
15:32:38.692577,21.00,42.00,6803,6917
15:33:47.452016,21.00,42.00,6799,6917
15:34:56.232006,20.00,43.00,6804,6917
15:36:01.337437,20.00,44.00,6070,6916
15:37:09.695814,20.00,44.00,6720,6916
15:38:18.447116,20.00,44.00,6798,6917
15:39:26.899520,21.00,44.00,6738,6916
15:40:35.691707,21.00,44.00,6806,6917
15:41:43.775424,21.00,44.00,6665,6916
15:42:52.199327,21.00,44.00,6733,6917
15:44:00.851919,21.00,44.00,6779,6916
15:45:09.349326,21.00,44.00,6748,6916
15:46:17.162679,20.00,44.00,6611,6916
15:47:24.644276,20.00,45.00,6544,6916
15:48:33.411955,20.00,45.00,6802,6917
15:49:40.332110,20.00,45.00,6433,6916
15:50:48.202926,20.00,45.00,6623,6916
15:51:56.962665,20.00,45.00,6800,6916
15:53:05.746469,20.00,45.00,6805,6916
15:54:13.874836,19.00,40.00,6674,6916
15:55:22.646890,20.00,45.00,6802,6917
15:56:30.263820,20.00,45.00,6572,6917
15:57:38.937319,21.00,44.00,6783,6916
15:58:47.713152,21.00,44.00,6803,6917
15:59:54.846208,21.00,44.00,6475,6916
16:01:01.025345,21.00,44.00,6284,6917
16:02:06.388821,21.00,44.00,6121,6916
16:03:13.719096,21.00,44.00,6515,6916
16:04:21.700291,20.00,45.00,6644,6916
16:05:29.235097,20.00,45.00,6556,6917
16:06:35.921617,20.00,45.00,6385,6917
16:07:44.550131,20.00,45.00,6774,6916
16:08:52.650240,20.00,45.00,6668,6917
16:10:00.779023,21.00,44.00,6674,6916
16:11:07.428753,19.00,41.00,6378,6917
16:12:13.702122,20.00,45.00,6303,6916
16:13:21.814463,20.00,45.00,6671,6916
16:14:29.930660,20.00,45.00,6671,6917
16:15:38.342298,21.00,45.00,6731,6917
16:16:47.134615,21.00,45.00,6806,6916
16:17:55.660571,20.00,42.00,6753,6916
16:19:03.764711,21.00,45.00,6669,6916
16:20:12.266214,20.00,41.00,6748,6917
16:21:19.927653,20.00,41.00,6580,6916
16:22:28.212310,20.00,41.00,6705,6916
16:23:31.884127,21.00,44.00,5783,6916
16:24:37.661797,21.00,44.00,6204,6916
16:25:45.126881,20.00,45.00,6541,6917
16:26:53.231118,21.00,44.00,6669,6916
16:28:01.335193,21.00,44.00,6669,6916
16:29:09.439024,19.00,42.00,6669,6917
16:30:18.214939,21.00,44.00,6803,6917
16:31:26.990765,19.00,42.00,6803,6917
16:32:35.111548,21.00,44.00,6672,6917
16:33:43.375393,19.00,42.00,6701,6917
16:34:52.143015,21.00,44.00,6801,6917
16:36:00.910472,20.00,45.00,6801,6917
16:37:09.703000,20.00,45.00,6806,6917
16:38:19.044095,19.00,42.00,6916,6917
16:39:27.271115,20.00,46.00,6694,6916
16:40:33.658700,19.00,42.00,6326,6917
16:41:42.119172,20.00,46.00,6740,6916
16:42:48.810216,19.00,42.00,6387,6916
16:43:55.083337,18.00,44.00,6303,6917
16:45:02.994753,20.00,46.00,6630,6917
16:46:11.095032,20.00,46.00,6669,6916
16:47:18.297959,18.00,45.00,6489,6916
16:48:25.000903,19.00,44.00,6389,6917
16:49:27.554895,20.00,46.00,5560,6916
16:50:33.385392,19.00,46.00,6214,6917
16:51:40.776731,19.00,47.00,6527,6917
16:52:47.086751,18.00,46.00,6310,6916
16:53:51.840305,20.00,47.00,5999,6917
16:54:59.165971,18.00,46.00,6513,6917
16:56:06.778567,20.00,47.00,6571,6917
16:57:13.367104,18.00,46.00,6366,6916
16:58:21.770142,19.00,47.00,6729,6916
16:59:29.649081,18.00,46.00,6624,6917
17:00:35.319999,20.00,48.00,6182,6917
17:01:41.834600,18.00,46.00,6352,6916
17:02:50.123079,18.00,46.00,6706,6917
17:03:58.554688,18.00,46.00,6735,6916
17:05:04.414224,20.00,47.00,6221,6916
17:06:11.465484,18.00,46.00,6459,6917
17:07:17.525548,18.00,46.00,6260,6917
17:08:26.297532,20.00,47.00,6802,6916
17:09:33.033222,18.00,47.00,6396,6917
17:10:38.810983,19.00,45.00,6204,6916
17:11:45.595884,18.00,46.00,6406,6916
17:12:51.889545,19.00,47.00,6307,6917
17:13:57.748816,18.00,46.00,6220,6917
17:15:03.997213,19.00,48.00,6299,6916
17:16:08.496548,18.00,47.00,5948,6916
17:17:15.302428,19.00,48.00,6410,6917
17:18:22.321076,19.00,48.00,6453,6916
17:19:30.510976,19.00,48.00,6686,6916
17:20:37.423148,18.00,47.00,6430,6916
17:21:45.658466,19.00,48.00,6695,6916
17:22:51.562710,19.00,48.00,6230,6916
17:23:59.269646,18.00,47.00,6590,6916
17:25:06.378525,17.00,47.00,6469,6917
17:26:12.434579,18.00,48.00,6259,6917
17:27:19.149878,18.00,48.00,6392,6916
17:28:25.418995,18.00,48.00,6302,6916
17:29:29.381843,18.00,47.00,5842,6917
17:30:36.051995,19.00,48.00,6382,6917
17:31:43.205749,17.00,47.00,6479,6917
17:32:48.737677,19.00,48.00,6155,6917
17:33:55.391463,17.00,48.00,6379,6916
17:35:01.361560,18.00,48.00,6243,6916
17:36:08.634166,18.00,48.00,6503,6917
17:37:14.804807,18.00,48.00,6283,6917
17:38:21.847827,18.00,48.00,6458,6916
17:39:29.636422,19.00,49.00,6605,6917
17:40:34.750564,18.00,48.00,6073,6916
17:41:43.522317,19.00,49.00,6802,6917
17:42:50.856372,18.00,49.00,6515,6916
17:43:56.384020,18.00,49.00,6155,6916
17:45:03.779418,19.00,49.00,6527,6916
17:46:11.191307,18.00,49.00,6531,6917
17:47:18.902120,18.00,49.00,6590,6917
17:48:25.498845,19.00,49.00,6369,6916
17:49:33.406330,18.00,48.00,6630,6917
17:50:38.110450,19.00,49.00,5989,6917
17:51:44.998069,17.00,48.00,6426,6916
17:52:53.536108,19.00,49.00,6756,6916
17:53:57.224624,19.00,49.00,5787,6916
17:55:05.156799,17.00,48.00,6635,6916
17:56:09.988009,17.00,48.00,6015,6917
17:57:11.603277,17.00,48.00,5372,6916
17:58:15.373907,19.00,49.00,5803,6916
17:59:21.065064,17.00,49.00,6187,6916
18:00:25.814451,17.00,49.00,5999,6916
18:01:28.855469,17.00,49.00,5656,6917
18:02:33.850540,18.00,50.00,6048,6916
18:03:37.719021,19.00,49.00,5823,6916
18:04:44.078154,19.00,49.00,6320,6917
18:05:50.502782,17.00,49.00,6333,6916
18:06:57.554148,18.00,50.00,6459,6917
18:08:04.560510,18.00,50.00,6450,6916
18:09:10.677786,17.00,49.00,6272,6916
18:10:16.397997,17.00,49.00,6193,6916
18:11:22.830610,17.00,49.00,6335,6916
18:12:29.648631,18.00,50.00,6412,6916
18:13:35.544834,16.00,51.00,6228,6917
18:14:42.034954,17.00,51.00,6347,6917
18:15:47.435653,16.00,51.00,6128,6917
18:16:51.271513,16.00,51.00,5816,6917
18:17:53.334009,16.00,51.00,5461,6917
18:19:00.700405,16.00,51.00,6522,6916
18:20:04.708272,17.00,51.00,5851,6916
18:21:10.653582,17.00,52.00,6237,6917
18:22:17.406192,16.00,51.00,6400,6916
18:23:20.262873,17.00,52.00,5620,6917
18:24:20.993778,17.00,52.00,5196,6916
18:25:24.604443,16.00,52.00,5772,6916
18:26:27.153990,17.00,53.00,5559,6916
18:27:30.477713,17.00,53.00,5714,6916
18:28:36.935107,16.00,52.00,6340,6916
18:29:43.363991,16.00,52.00,6334,6916
18:30:49.337886,17.00,53.00,6244,6916
18:31:55.283404,17.00,53.00,6238,6917
18:33:00.937968,15.00,53.00,6180,6916
18:34:07.825506,17.00,53.00,6426,6916
18:35:15.118543,15.00,53.00,6507,6917
18:36:21.948409,17.00,54.00,6414,6917
18:37:28.118991,17.00,54.00,6283,6917
18:38:32.819180,15.00,54.00,5989,6917
18:39:39.923513,15.00,54.00,6469,6916
18:40:46.622653,15.00,54.00,6388,6917
18:41:51.740752,17.00,54.00,6072,6917
18:43:00.442750,15.00,54.00,6789,6917
18:44:08.202896,15.00,54.00,6600,6917
18:45:15.413959,16.00,55.00,6491,6916
18:46:22.432240,15.00,54.00,6452,6917
18:47:29.397623,15.00,55.00,6441,6917
18:48:32.541211,15.00,55.00,5678,6916
18:49:36.532528,15.00,55.00,5847,6917
18:50:43.874318,15.00,55.00,6516,6917
18:51:48.332634,15.00,55.00,5940,6917
18:52:54.265712,15.00,55.00,6235,6917
18:54:01.124563,15.00,55.00,6420,6916
18:55:07.184590,15.00,55.00,6261,6917
18:56:13.736366,16.00,56.00,6359,6916
18:57:16.675128,16.00,56.00,5637,6916
18:58:16.992105,15.00,56.00,5112,6917
18:59:22.753415,15.00,56.00,6201,6917
19:00:29.939909,15.00,56.00,6486,6917
19:01:35.684280,15.00,56.00,6197,6917
19:02:41.297885,15.00,56.00,6171,6917
19:03:45.600560,15.00,56.00,5910,6916
19:04:52.594703,15.00,56.00,6448,6916
19:05:57.700170,15.00,56.00,6069,6917
19:07:05.431430,15.00,56.00,6595,6917
19:08:11.880627,15.00,56.00,6339,6916
19:09:17.547806,16.00,59.00,6182,6917
19:10:22.333720,15.00,57.00,6006,6916
19:11:29.684471,15.00,57.00,6519,6917
19:12:35.220394,15.00,57.00,6156,6917
19:13:43.037937,15.00,58.00,6612,6917
19:14:48.803261,15.00,58.00,6201,6916
19:15:56.149794,15.00,59.00,6518,6917
19:16:59.649635,15.00,59.00,5748,6917
19:18:06.197558,15.00,60.00,6358,6916
19:19:11.811385,15.00,61.00,6172,6917
19:20:18.014923,15.00,61.00,6289,6917
19:21:25.357282,15.00,61.00,6516,6916
19:22:31.171902,15.00,62.00,6212,6916
19:23:37.199371,15.00,62.00,6254,6916
19:24:44.455874,15.00,62.00,6500,6916
19:25:53.027027,15.00,62.00,6762,6916
19:26:58.218942,15.00,62.00,6088,6916
19:28:03.636001,15.00,62.00,6132,6916
19:29:11.060330,15.00,62.00,6533,6917
19:30:18.398549,15.00,62.00,6516,6916
19:31:24.540802,15.00,62.00,6278,6916
19:32:31.416172,15.00,62.00,6423,6916
19:33:39.016637,15.00,62.00,6569,6916
19:34:46.129695,15.00,63.00,6471,6916
19:35:53.611299,15.00,63.00,6545,6916
19:36:59.130790,16.00,63.00,6152,6916
19:38:05.543208,16.00,63.00,6331,6917
19:39:11.574864,16.00,63.00,6256,6916
19:40:18.945831,16.00,63.00,6522,6916
19:41:25.333740,16.00,64.00,6326,6916
19:42:32.180351,15.00,64.00,6417,6917
19:43:39.137598,15.00,64.00,6440,6917
19:44:44.210403,15.00,65.00,6063,6917
19:45:50.979083,15.00,65.00,6402,6916
19:46:58.620308,15.00,66.00,6577,6916
19:48:06.630079,15.00,67.00,6650,6917
19:49:15.946807,15.00,67.00,6911,6916
19:50:23.432379,15.00,68.00,6546,6916
19:51:30.086386,15.00,68.00,6379,6916
19:52:38.792478,15.00,68.00,6790,6916
19:53:42.058972,15.00,68.00,5701,6917
19:54:47.315893,15.00,68.00,6100,6917
19:55:52.155134,15.00,68.00,6017,6916
19:56:54.983321,15.00,69.00,5615,6916
19:57:54.387132,15.00,69.00,4930,6917
19:58:52.917724,15.00,69.00,4756,6917
19:59:59.538888,15.00,69.00,6373,6916
20:01:04.599342,14.00,70.00,6061,6916
20:02:12.739913,14.00,70.00,6676,6916
20:03:19.725781,14.00,70.00,6446,6916
20:04:26.432699,14.00,70.00,6389,6916
20:05:32.992660,14.00,70.00,6361,6916
20:06:39.179585,14.00,70.00,6286,6916
20:07:45.329619,14.00,70.00,6278,6916
20:08:52.806669,14.00,70.00,6544,6917
20:10:00.869948,14.00,70.00,6661,6916
20:11:08.117934,14.00,70.00,6499,6916
20:12:16.148433,14.00,70.00,6654,6916
20:13:23.818249,14.00,70.00,6582,6917
20:14:31.074458,14.00,71.00,6499,6917
20:15:39.264764,14.00,71.00,6687,6917
20:16:47.483607,14.00,71.00,6692,6917
20:17:55.387006,14.00,70.00,6629,6917
20:19:02.598269,14.00,70.00,6491,6917
20:20:11.009688,14.00,70.00,6731,6917
20:21:18.921256,14.00,70.00,6630,6916
20:22:27.709478,14.00,70.00,6806,6916
20:23:35.924362,13.00,70.00,6691,6917
20:24:45.085442,14.00,71.00,6881,6917
20:25:52.374420,13.00,71.00,6506,6917
20:26:59.348027,14.00,71.00,6443,6916
20:28:07.689784,14.00,71.00,6717,6917
20:29:16.928457,14.00,71.00,6896,6916
20:30:24.639735,13.00,71.00,6590,6916
20:31:33.562404,14.00,71.00,6833,6917
20:32:38.536518,13.00,72.00,6044,6917
20:33:41.810948,14.00,72.00,5704,6916
20:34:50.922377,13.00,72.00,6870,6917
20:35:58.272685,13.00,72.00,6518,6917
20:37:06.392798,14.00,72.00,6672,6917
20:38:12.628909,13.00,72.00,6296,6916
20:39:19.532705,13.00,72.00,6430,6916
20:40:28.021663,13.00,72.00,6745,6917
20:41:34.912993,13.00,72.00,6427,6916
20:42:43.696911,13.00,72.00,6806,6916
20:43:51.837729,13.00,72.00,6676,6917
20:44:58.958532,13.00,72.00,6472,6917
20:46:01.642993,13.00,72.00,5586,6917
20:47:10.562279,13.00,72.00,6833,6916
20:48:18.887223,13.00,72.00,6713,6916
20:49:26.696069,13.00,73.00,6610,6916
20:50:35.873286,13.00,73.00,6883,6916
20:51:44.907451,13.00,73.00,6855,6917
20:52:53.080697,13.00,73.00,6683,6917
20:54:00.172840,13.00,73.00,6467,6916
20:55:07.236342,13.00,73.00,6461,6916
20:56:15.880632,13.00,73.00,6777,6916
20:57:24.812161,13.00,73.00,6834,6916
20:58:34.153053,13.00,73.00,6916,6917
20:59:42.580801,13.00,73.00,6734,6916
21:00:49.783597,13.00,73.00,6489,6917
21:01:56.380130,13.00,73.00,6367,6916
21:03:05.274869,13.00,73.00,6828,6917
21:04:12.948791,13.00,73.00,6583,6916
21:05:20.925929,13.00,73.00,6643,6917
21:06:27.829534,13.00,74.00,6429,6916
21:07:36.121924,13.00,74.00,6707,6916
21:08:44.631518,13.00,74.00,6751,6916
21:09:52.002224,13.00,74.00,6522,6917
21:10:59.741523,13.00,74.00,6596,6916
21:12:05.109490,13.00,74.00,6122,6917
21:13:11.808320,13.00,74.00,6389,6916
21:14:20.703150,13.00,74.00,6827,6916
21:15:28.778519,13.00,74.00,6664,6916
21:16:37.149196,13.00,74.00,6722,6917
21:17:45.879944,13.00,75.00,6794,6917
21:18:53.603235,13.00,75.00,6593,6916
21:20:01.076563,13.00,75.00,6543,6917
21:21:08.513096,13.00,75.00,6535,6917
21:22:17.170126,13.00,75.00,6780,6917
21:23:24.963181,13.00,75.00,6607,6916
21:24:32.465398,13.00,75.00,6548,6917
21:25:39.414361,13.00,75.00,6437,6917
21:26:45.867830,13.00,75.00,6340,6916
21:27:54.549663,13.00,75.00,6784,6917
21:29:01.285782,13.00,76.00,6395,6916
21:30:07.874385,13.00,76.00,6366,6916
21:31:14.995412,13.00,76.00,6472,6916
21:32:22.141272,13.00,76.00,6478,6916
21:33:28.615113,13.00,76.00,6343,6917
21:34:37.153388,13.00,76.00,6755,6916
21:35:42.205903,13.00,76.00,6060,6916
21:36:50.027793,13.00,76.00,6613,6917
21:37:58.230229,13.00,77.00,6688,6916
21:39:06.481936,13.00,77.00,6698,6917
21:40:14.266775,13.00,77.00,6605,6916
21:41:21.334734,13.00,77.00,6462,6917
21:42:29.774753,13.00,77.00,6736,6916
21:43:37.260625,13.00,77.00,6545,6917
21:44:44.127702,13.00,77.00,6421,6917
21:45:48.967182,13.00,77.00,6017,6916
21:46:55.666546,13.00,77.00,6389,6916
21:48:01.435676,13.00,77.00,6203,6917
21:49:07.213494,13.00,77.00,6204,6916
21:50:15.436412,13.00,78.00,6692,6916
21:51:22.459400,13.00,78.00,6453,6917
21:52:30.420309,13.00,78.00,6640,6917
21:53:39.704247,13.00,78.00,6905,6917
21:54:47.701719,13.00,78.00,6648,6917
21:55:53.413959,13.00,78.00,6191,6916
21:57:01.239717,13.00,78.00,6613,6917
21:58:09.515965,13.00,78.00,6703,6916
21:59:15.785036,13.00,78.00,6302,6917
22:00:22.029516,13.00,78.00,6297,6917
22:01:29.556165,13.00,78.00,6553,6916
22:02:36.263657,13.00,79.00,6389,6917
22:03:45.051883,13.00,79.00,6806,6916
22:04:50.796753,13.00,79.00,6198,6916
22:05:57.762205,13.00,79.00,6441,6916
22:07:05.198694,13.00,79.00,6536,6916
22:08:12.041396,13.00,79.00,6417,6917
22:09:17.507567,13.00,79.00,6141,6917
22:10:24.600045,13.00,79.00,6467,6917
22:11:31.778242,13.00,79.00,6483,6916
22:12:38.145946,13.00,79.00,6322,6917
22:13:44.443691,13.00,79.00,6308,6917
22:14:50.540749,13.00,79.00,6268,6916
22:15:56.871244,13.00,79.00,6314,6916
22:17:03.234670,13.00,79.00,6321,6916
22:18:10.384399,13.00,79.00,6479,6916
22:19:16.719007,13.00,79.00,6315,6916
22:20:22.844801,13.00,79.00,6274,6916
22:21:29.269526,13.00,79.00,6334,6917
22:22:36.513525,13.00,79.00,6497,6916
22:23:43.663344,13.00,79.00,6478,6916
22:24:48.556009,13.00,79.00,6027,6916
22:25:56.918507,13.00,79.00,6721,6916
22:27:04.150147,13.00,79.00,6495,6916
22:28:10.910812,13.00,80.00,6400,6917
22:29:15.782972,13.00,80.00,6023,6917
22:30:22.039920,13.00,80.00,6300,6916
22:31:29.865670,13.00,80.00,6614,6917
22:32:34.873176,13.00,80.00,6050,6916
22:33:41.920501,13.00,80.00,6458,6917
22:34:51.175762,13.00,80.00,6899,6917
22:35:58.763835,13.00,80.00,6566,6917
22:37:05.540880,13.00,80.00,6403,6917
22:38:12.502226,13.00,80.00,6441,6916
22:39:19.119486,13.00,80.00,6371,6917
22:40:25.994866,13.00,80.00,6423,6916
22:41:32.394839,13.00,80.00,6329,6916
22:42:40.323098,13.00,80.00,6634,6916
22:43:47.878573,13.00,80.00,6559,6917
22:44:56.167029,13.00,80.00,6706,6917
22:46:04.332764,13.00,80.00,6681,6917
22:47:11.261289,13.00,80.00,6434,6916
22:48:19.783316,13.00,80.00,6752,6917
22:49:27.183150,13.00,80.00,6529,6916
22:50:35.426312,13.00,81.00,6696,6917
22:51:41.265557,13.00,81.00,6216,6917
22:52:48.759427,13.00,81.00,6548,6916
22:53:55.860024,13.00,81.00,6468,6917
22:55:03.779982,13.00,81.00,6632,6916
22:56:11.077245,13.00,81.00,6508,6916
22:57:17.977088,13.00,81.00,6429,6916
22:58:26.351690,13.00,81.00,6723,6917
22:59:32.792881,13.00,81.00,6337,6916
23:00:40.249887,13.00,81.00,6540,6917
23:01:48.067441,13.00,81.00,6612,6916
23:02:56.282218,13.00,81.00,6691,6917
23:04:02.489650,13.00,81.00,6290,6916
23:05:10.778487,13.00,81.00,6705,6917
23:06:18.489464,13.00,81.00,6590,6916
23:07:25.741585,13.00,81.00,6498,6916
23:08:33.976975,13.00,81.00,6696,6916
23:09:40.082193,13.00,81.00,6270,6916
23:10:46.818245,12.00,82.00,6396,6916
23:11:54.148363,12.00,83.00,6514,6916
23:13:00.376285,12.00,83.00,6294,6917
23:14:08.378222,12.00,83.00,6649,6917
23:15:15.512054,12.00,83.00,6475,6916
23:16:22.202441,12.00,83.00,6386,6917
23:17:30.814791,12.00,83.00,6771,6916
23:18:38.427401,12.00,83.00,6570,6917
23:19:46.273512,12.00,83.00,6617,6917
23:20:53.935246,12.00,83.00,6580,6917
23:21:59.823279,12.00,83.00,6226,6917
23:23:06.891124,12.00,83.00,6462,6917
23:24:14.172065,12.00,83.00,6505,6916
23:25:21.698537,12.00,83.00,6553,6917
23:26:28.364993,12.00,83.00,6382,6917
23:27:34.871717,12.00,83.00,6350,6917
23:28:42.979816,12.00,84.00,6670,6916
23:29:50.547398,12.00,84.00,6562,6916
23:30:58.372987,12.00,84.00,6614,6916
23:32:05.223735,12.00,84.00,6419,6917
23:33:12.393923,12.00,84.00,6482,6917
23:34:19.563975,12.00,84.00,6483,6916
23:35:26.791680,12.00,84.00,6493,6917
23:36:34.400318,12.00,84.00,6570,6917
23:37:42.848446,12.00,84.00,6738,6916
23:38:49.863103,12.00,85.00,6452,6916
23:39:57.741881,12.00,85.00,6624,6916
23:41:05.260193,12.00,85.00,6552,6916
23:42:12.045365,12.00,85.00,6406,6916
23:43:19.326187,12.00,85.00,6505,6916
23:44:26.594807,12.00,85.00,6502,6917
23:45:31.352298,12.00,85.00,6000,6916
23:46:38.809027,12.00,85.00,6539,6917
23:47:45.684571,12.00,86.00,6424,6916
23:48:52.797438,12.00,86.00,6471,6917
23:49:59.414590,12.00,86.00,6371,6916
23:51:07.690788,12.00,87.00,6703,6917
23:52:15.438581,12.00,86.00,6598,6916
23:53:21.211926,12.00,87.00,6203,6916
23:54:29.881455,12.00,87.00,6782,6917
23:55:36.978009,12.00,87.00,6468,6916
23:56:43.001225,12.00,87.00,6253,6917
